Tribunal;Processo;Ano;Codigos assuntos;Polo ativo;Polo ativo - Natureza juridica;Polo passivo;Polo passivo - Natureza juridica
TJRR;0807617-92.2024.8.23.0010;2024;{12511,10671};;;{ESTADO DE RORAIMA};{ESTADO OU DISTRITO FEDERAL}
TJRR;0827010-03.2024.8.23.0010;2024;{12485};;;{MUNICIPIO DE BOA VISTA,MUNICIPIO DE BOA VISTA - RR};{MUNICIPIO,ND}
TJRR;0801436-41.2025.8.23.0010;2025;{12511};;;{ESTADO DE RORAIMA};{ESTADO OU DISTRITO FEDERAL}
TJRR;0820419-25.2024.8.23.0010;2024;{12491};;;{MUNICIPIO DE BOA VISTA,ESTADO DE RORAIMA,MUNICIPIO DE BOA VISTA - RR};{MUNICIPIO,ESTADO OU DISTRITO FEDERAL,ND}
TJRR;0807435-72.2025.8.23.0010;2025;{12495};;;{ESTADO DE RORAIMA};{ESTADO OU DISTRITO FEDERAL}
TJRR;0844830-35.2024.8.23.0010;2024;{12496,9196};;;{ESTADO DE RORAIMA};{ESTADO OU DISTRITO FEDERAL}
TJRR;0839920-62.2024.8.23.0010;2024;{12485};;;{MUNICIPIO DE BOA VISTA,MUNICIPIO DE BOA VISTA - RR};{MUNICIPIO,ND}
TJRR;0855022-27.2024.8.23.0010;2024;{12485,12491};;;{MUNICIPIO DE BOA VISTA};{MUNICIPIO}
TJRR;0816240-48.2024.8.23.0010;2024;{12495};;;{ESTADO DE RORAIMA};{ESTADO OU DISTRITO FEDERAL}
TJRR;0824763-49.2024.8.23.0010;2024;{12511};;;{ESTADO DE RORAIMA};{ESTADO OU DISTRITO FEDERAL}
TJRR;0827010-03.2024.8.23.0010;2024;{12485};;;{MUNICIPIO DE BOA VISTA};{MUNICIPIO}
TJRR;0801436-41.2025.8.23.0010;2025;{12511};;;{ESTADO DE RORAIMA};{ESTADO OU DISTRITO FEDERAL}
TJRR;0807435-72.2025.8.23.0010;2025;{12495};;;{ESTADO DE RORAIMA};{ESTADO OU DISTRITO FEDERAL}
TJRR;0836169-67.2024.8.23.0010;2024;{12491,7703,12511};;;{ESTADO DE RORAIMA};{ESTADO OU DISTRITO FEDERAL}
TJRR;0826775-36.2024.8.23.0010;2024;{12511};;;{ESTADO DE RORAIMA};{ESTADO OU DISTRITO FEDERAL}
TJRR;0834311-98.2024.8.23.0010;2024;{12491};;;{ESTADO DE RORAIMA};{ESTADO OU DISTRITO FEDERAL}
TJRR;0807132-58.2025.8.23.0010;2025;{12485};{DATA - MEDICAL PRODUTOS MEDICOS HOSPITALARES LTDA};{SOCIEDADE EMPRESARIA LIMITADA};{ESTADO DE RORAIMA};{ESTADO OU DISTRITO FEDERAL}
TJRR;0824763-49.2024.8.23.0010;2024;{12511};;;{ESTADO DE RORAIMA};{ESTADO OU DISTRITO FEDERAL}
TJRR;0833054-09.2022.8.23.0010;2024;{12491};;;{ESTADO DE RORAIMA};{ESTADO OU DISTRITO FEDERAL}
TJRR;0813350-10.2022.8.23.0010;2024;{12503};;;{ESTADO DE RORAIMA};{ESTADO OU DISTRITO FEDERAL}
TJRR;0811439-60.2022.8.23.0010;2024;{12503};;;{ESTADO DE RORAIMA};{ESTADO OU DISTRITO FEDERAL}
TJRR;0819899-36.2022.8.23.0010;2024;{12503};;;{ESTADO DE RORAIMA};{ESTADO OU DISTRITO FEDERAL}
TJRR;0819046-27.2022.8.23.0010;2024;{12503};;;{ESTADO DE RORAIMA};{ESTADO OU DISTRITO FEDERAL}
TJRR;0820337-28.2023.8.23.0010;2024;{12487};;;{ESTADO DE RORAIMA};{ESTADO OU DISTRITO FEDERAL}
TJRR;0817267-03.2023.8.23.0010;2024;{12487};{ESTADO DE RORAIMA};{ESTADO OU DISTRITO FEDERAL};;
TJRR;0817390-35.2022.8.23.0010;2024;{12503};;;{ESTADO DE RORAIMA};{ESTADO OU DISTRITO FEDERAL}
TJRR;0819050-64.2022.8.23.0010;2024;{12503};;;{ESTADO DE RORAIMA};{ESTADO OU DISTRITO FEDERAL}
TJRR;0809760-88.2023.8.23.0010;2024;{12489};;;{ESTADO DE RORAIMA};{ESTADO OU DISTRITO FEDERAL}
TJRR;0802680-73.2023.8.23.0010;2024;{12511};;;{ESTADO DE RORAIMA};{ESTADO OU DISTRITO FEDERAL}
TJRR;0812285-43.2023.8.23.0010;2024;{12489};;;{ESTADO DE RORAIMA};{ESTADO OU DISTRITO FEDERAL}
TJRR;0805737-36.2022.8.23.0010;2024;{12496};{ESTADO DE RORAIMA};{ESTADO OU DISTRITO FEDERAL};;
TJRR;0812489-24.2022.8.23.0010;2024;{12503};;;{ESTADO DE RORAIMA};{ESTADO OU DISTRITO FEDERAL}
TJRR;0808774-71.2022.8.23.0010;2024;{12503};;;{ESTADO DE RORAIMA};{ESTADO OU DISTRITO FEDERAL}
TJRR;0815286-70.2022.8.23.0010;2024;{12503};;;{ESTADO DE RORAIMA};{ESTADO OU DISTRITO FEDERAL}
TJRR;0833543-46.2022.8.23.0010;2024;{7698,12491};;;{ESTADO DE RORAIMA};{ESTADO OU DISTRITO FEDERAL}
TJRR;0807627-73.2023.8.23.0010;2024;{12484};;;{ESTADO DE RORAIMA};{ESTADO OU DISTRITO FEDERAL}
TJRR;0826509-20.2022.8.23.0010;2024;{12503};{ESTADO DE RORAIMA};{ESTADO OU DISTRITO FEDERAL};;
TJRR;0828409-38.2022.8.23.0010;2024;{12503};;;{ESTADO DE RORAIMA};{ESTADO OU DISTRITO FEDERAL}
TJRR;0829159-06.2023.8.23.0010;2024;{12503};{ESTADO DE RORAIMA};{ESTADO OU DISTRITO FEDERAL};;
TJRR;0830827-17.2020.8.23.0010;2024;{12491};;;{ESTADO DE RORAIMA};{ESTADO OU DISTRITO FEDERAL}
TJRR;0801670-28.2022.8.23.0010;2024;{12503};;;{ESTADO DE RORAIMA};{ESTADO OU DISTRITO FEDERAL}
TJRR;0827089-16.2023.8.23.0010;2024;{12500};;;{ESTADO DE RORAIMA};{ESTADO OU DISTRITO FEDERAL}
TJRR;0819343-05.2020.8.23.0010;2024;{10433,10434,12491};;;{ESTADO DE RORAIMA};{ESTADO OU DISTRITO FEDERAL}
TJRR;0823606-12.2022.8.23.0010;2024;{12501};{ESTADO DE RORAIMA};{ESTADO OU DISTRITO FEDERAL};{ESTADO DE RORAIMA};{ESTADO OU DISTRITO FEDERAL}
TJRR;0822279-32.2022.8.23.0010;2024;{12503};;;{ESTADO DE RORAIMA};{ESTADO OU DISTRITO FEDERAL}
TJRR;0832811-65.2022.8.23.0010;2024;{12503};;;{ESTADO DE RORAIMA};{ESTADO OU DISTRITO FEDERAL}
TJRR;0825358-19.2022.8.23.0010;2024;{12503};;;{ESTADO DE RORAIMA};{ESTADO OU DISTRITO FEDERAL}
TJRR;0846536-87.2023.8.23.0010;2024;{12486};{FEDERACAO DAS UNIMEDS DA AMAZONIA - FEDERACAO DAS SOCIEDADES COOPERATIVAS DE TRABALHO MEDICO DO ACRE  AMAPA  AMAZONAS  PARA  RONDONIA E RORAIMA};{COOPERATIVA};;
TJRR;0804494-57.2022.8.23.0010;2024;{12491};;;{ESTADO DE RORAIMA};{ESTADO OU DISTRITO FEDERAL}
TJRR;0814942-89.2022.8.23.0010;2024;{12489};;;{ESTADO DE RORAIMA};{ESTADO OU DISTRITO FEDERAL}
TJRR;0814524-54.2022.8.23.0010;2024;{12503};;;{ESTADO DE RORAIMA};{ESTADO OU DISTRITO FEDERAL}
TJRR;9000853-97.2024.8.23.0000;2024;{12490};{MUNICIPIO DE BOA VISTA,MUNICIPIO DE BOA VISTA - RR};{MUNICIPIO,ND};;
TJRR;0834985-47.2022.8.23.0010;2024;{12501};;;{ESTADO DE RORAIMA};{ESTADO OU DISTRITO FEDERAL}
TJRR;0834401-43.2023.8.23.0010;2024;{12487};;;{ESTADO DE RORAIMA};{ESTADO OU DISTRITO FEDERAL}
TJRR;0811440-45.2022.8.23.0010;2024;{12503};;;{ESTADO DE RORAIMA};{ESTADO OU DISTRITO FEDERAL}
TJRR;0801491-26.2024.8.23.0010;2024;{12487};{BRADESCO SAUDE S/A};{SOCIEDADE ANONIMA FECHADA};;
TJRR;0818006-10.2022.8.23.0010;2024;{12503};;;{ESTADO DE RORAIMA};{ESTADO OU DISTRITO FEDERAL}
TJRR;0826431-89.2023.8.23.0010;2024;{12487};;;{ESTADO DE RORAIMA};{ESTADO OU DISTRITO FEDERAL}
TJRR;0818446-06.2022.8.23.0010;2024;{12503};;;{ESTADO DE RORAIMA};{ESTADO OU DISTRITO FEDERAL}
TJRR;0814994-85.2022.8.23.0010;2024;{12503};;;{ESTADO DE RORAIMA};{ESTADO OU DISTRITO FEDERAL}
TJRR;0835529-98.2023.8.23.0010;2024;{12499};{MUNICIPIO DE BOA VISTA};{MUNICIPIO};;
TJRR;0845275-87.2023.8.23.0010;2024;{12487};{MUNICIPIO DE BOA VISTA};{MUNICIPIO};;
TJRR;9000991-64.2024.8.23.0000;2024;{12495};;;{ESTADO DE RORAIMA};{ESTADO OU DISTRITO FEDERAL}
TJRR;0837177-16.2023.8.23.0010;2024;{12499};{MUNICIPIO DE BOA VISTA,MUNICIPIO DE BOA VISTA - RR};{MUNICIPIO,ND};;
TJRR;0808204-85.2022.8.23.0010;2024;{12503};;;{ESTADO DE RORAIMA};{ESTADO OU DISTRITO FEDERAL}
TJRR;8000403-44.2024.8.23.0010;2024;{12486,10671,7779};;;{UNIMED DE MANAUS COOPERATIVA DE TRABALHO MEDICO LTDA,UNIMED MANAUS - COOPERATIVA DE TRABALHO MEDICO};{COOPERATIVA,ND}
TJRR;0809239-80.2022.8.23.0010;2024;{12503};;;{ESTADO DE RORAIMA};{ESTADO OU DISTRITO FEDERAL}
TJRR;0818649-36.2020.8.23.0010;2024;{12491,10671};;;{ESTADO DE RORAIMA};{ESTADO OU DISTRITO FEDERAL}
TJRR;0821996-09.2022.8.23.0010;2024;{12503};;;{ESTADO DE RORAIMA};{ESTADO OU DISTRITO FEDERAL}
TJRR;0819886-37.2022.8.23.0010;2024;{12503};;;{ESTADO DE RORAIMA};{ESTADO OU DISTRITO FEDERAL}
TJRR;0821190-71.2022.8.23.0010;2024;{12503};;;{ESTADO DE RORAIMA};{ESTADO OU DISTRITO FEDERAL}
TJRR;0822876-64.2023.8.23.0010;2024;{12487};{MUNICIPIO DE BOA VISTA};{MUNICIPIO};;
TJRR;0815626-14.2022.8.23.0010;2024;{12503};;;{ESTADO DE RORAIMA};{ESTADO OU DISTRITO FEDERAL}
TJRR;0845285-34.2023.8.23.0010;2024;{12487};{MUNICIPIO DE BOA VISTA,MUNICIPIO DE BOA VISTA - RR};{MUNICIPIO,ND};;
TJRR;0804965-73.2022.8.23.0010;2024;{12503};;;{ESTADO DE RORAIMA};{ESTADO OU DISTRITO FEDERAL}
TJRR;0811175-43.2022.8.23.0010;2024;{12503};;;{ESTADO DE RORAIMA};{ESTADO OU DISTRITO FEDERAL}
TJRR;0813069-54.2022.8.23.0010;2024;{12503};;;{ESTADO DE RORAIMA};{ESTADO OU DISTRITO FEDERAL}
TJRR;0817450-08.2022.8.23.0010;2024;{12503};;;{ESTADO DE RORAIMA};{ESTADO OU DISTRITO FEDERAL}
TJRR;0821445-29.2022.8.23.0010;2024;{12503};;;{ESTADO DE RORAIMA};{ESTADO OU DISTRITO FEDERAL}
TJRR;0821546-66.2022.8.23.0010;2024;{12516};;;{ESTADO DE RORAIMA};{ESTADO OU DISTRITO FEDERAL}
TJRR;0829841-29.2021.8.23.0010;2024;{12503};;;{ESTADO DE RORAIMA};{ESTADO OU DISTRITO FEDERAL}
TJRR;0802521-96.2024.8.23.0010;2024;{12486};;;{GEAP AUTOGESTAO EM SAUDE,GEAP - FUNDACAO DE SEGURIDADE SOCIAL};{FUNDACAO PRIVADA,ND}
TJRR;0808754-80.2022.8.23.0010;2024;{12503};;;{ESTADO DE RORAIMA};{ESTADO OU DISTRITO FEDERAL}
TJRR;0806749-85.2022.8.23.0010;2024;{12503};;;{ESTADO DE RORAIMA};{ESTADO OU DISTRITO FEDERAL}
TJRR;0838737-90.2023.8.23.0010;2024;{12489};{ESTADO DE RORAIMA};{ESTADO OU DISTRITO FEDERAL};;
TJRR;0830654-22.2022.8.23.0010;2024;{12491};;;{ESTADO DE RORAIMA};{ESTADO OU DISTRITO FEDERAL}
TJRR;0838777-72.2023.8.23.0010;2024;{12494};{ESTADO DE RORAIMA};{ESTADO OU DISTRITO FEDERAL};;
TJRR;0817889-19.2022.8.23.0010;2024;{12503};;;{ESTADO DE RORAIMA};{ESTADO OU DISTRITO FEDERAL}
TJRR;0812440-80.2022.8.23.0010;2024;{12503};;;{ESTADO DE RORAIMA};{ESTADO OU DISTRITO FEDERAL}
TJRR;0819185-76.2022.8.23.0010;2024;{12503};;;{ESTADO DE RORAIMA};{ESTADO OU DISTRITO FEDERAL}
TJRR;0821909-53.2022.8.23.0010;2024;{12491};;;{ESTADO DE RORAIMA};{ESTADO OU DISTRITO FEDERAL}
TJRR;0821995-92.2020.8.23.0010;2024;{10671,12491};;;{ESTADO DE RORAIMA};{ESTADO OU DISTRITO FEDERAL}
TJRR;0811234-60.2024.8.23.0010;2024;{12490};{MUNICIPIO DE BOA VISTA,MUNICIPIO DE BOA VISTA - RR};{MUNICIPIO,ND};;
TJRR;0805354-87.2024.8.23.0010;2024;{12485};{MUNICIPIO DE BOA VISTA,MUNICIPIO DE BOA VISTA - RR};{MUNICIPIO,ND};;
TJRR;0805917-81.2024.8.23.0010;2024;{12503};{ESTADO DE RORAIMA};{ESTADO OU DISTRITO FEDERAL};;
TJRR;0807178-81.2024.8.23.0010;2024;{12503};{ESTADO DE RORAIMA};{ESTADO OU DISTRITO FEDERAL};;
TJRR;0808765-12.2022.8.23.0010;2024;{12503};;;{ESTADO DE RORAIMA};{ESTADO OU DISTRITO FEDERAL}
TJRR;0801150-68.2022.8.23.0010;2024;{12503};;;{ESTADO DE RORAIMA};{ESTADO OU DISTRITO FEDERAL}
TJRR;0811880-41.2022.8.23.0010;2024;{12491};;;{ESTADO DE RORAIMA};{ESTADO OU DISTRITO FEDERAL}
TJRR;0809260-85.2024.8.23.0010;2024;{12490};{MUNICIPIO DE BOA VISTA,MUNICIPIO DE BOA VISTA - RR};{MUNICIPIO,ND};;
TJRR;0805873-33.2022.8.23.0010;2024;{12503};;;{ESTADO DE RORAIMA};{ESTADO OU DISTRITO FEDERAL}
TJRR;0809087-61.2024.8.23.0010;2024;{12487};{MUNICIPIO DE BOA VISTA,MUNICIPIO DE BOA VISTA - RR};{MUNICIPIO,ND};;
TJRR;0809233-05.2024.8.23.0010;2024;{12490};{MUNICIPIO DE BOA VISTA,MUNICIPIO DE BOA VISTA - RR};{MUNICIPIO,ND};;
TJRR;0814594-71.2022.8.23.0010;2024;{12503};;;{ESTADO DE RORAIMA};{ESTADO OU DISTRITO FEDERAL}
TJRR;0811249-29.2024.8.23.0010;2024;{12490};;;{ESTADO DE RORAIMA};{ESTADO OU DISTRITO FEDERAL}
TJRR;0814336-90.2024.8.23.0010;2024;{12490};{MUNICIPIO DE BOA VISTA,MUNICIPIO DE BOA VISTA - RR};{MUNICIPIO,ND};;
TJRR;0809248-71.2024.8.23.0010;2024;{12489};{ESTADO DE RORAIMA};{ESTADO OU DISTRITO FEDERAL};;
TJRR;0804900-10.2024.8.23.0010;2024;{12516};;;{ESTADO DE RORAIMA};{ESTADO OU DISTRITO FEDERAL}
TJRR;0814726-31.2022.8.23.0010;2024;{12503};;;{ESTADO DE RORAIMA};{ESTADO OU DISTRITO FEDERAL}
TJRR;0818627-36.2024.8.23.0010;2024;{12490};{MUNICIPIO DE BOA VISTA,MUNICIPIO DE BOA VISTA - RR};{MUNICIPIO,ND};;
TJRR;0820547-45.2024.8.23.0010;2024;{12489};{ESTADO DE RORAIMA};{ESTADO OU DISTRITO FEDERAL};;
TJRR;0820065-68.2022.8.23.0010;2024;{12503};;;{ESTADO DE RORAIMA};{ESTADO OU DISTRITO FEDERAL}
TJRR;0825749-03.2024.8.23.0010;2024;{12489};{ESTADO DE RORAIMA};{ESTADO OU DISTRITO FEDERAL};;
TJRR;0830050-61.2022.8.23.0010;2024;{12491};;;{ESTADO DE RORAIMA};{ESTADO OU DISTRITO FEDERAL}
TJRR;0835889-33.2023.8.23.0010;2024;{12487};{MUNICIPIO DE BOA VISTA,MUNICIPIO DE BOA VISTA - RR};{MUNICIPIO,ND};;
TJRR;0836414-83.2021.8.23.0010;2024;{12503};;;{ESTADO DE RORAIMA};{ESTADO OU DISTRITO FEDERAL}
TJRR;0843024-96.2023.8.23.0010;2024;{12487};{MUNICIPIO DE BOA VISTA,MUNICIPIO DE BOA VISTA - RR};{MUNICIPIO,ND};;
TJRR;0846725-65.2023.8.23.0010;2024;{12487};{MUNICIPIO DE BOA VISTA,MUNICIPIO DE BOA VISTA - RR};{MUNICIPIO,ND};;
TJRR;0843026-66.2023.8.23.0010;2024;{12487};{MUNICIPIO DE BOA VISTA,MUNICIPIO DE BOA VISTA - RR};{MUNICIPIO,ND};;
TJRR;0843022-29.2023.8.23.0010;2024;{12487};{MUNICIPIO DE BOA VISTA,MUNICIPIO DE BOA VISTA - RR};{MUNICIPIO,ND};;
TJRR;0846181-77.2023.8.23.0010;2024;{12503};;;{ESTADO DE RORAIMA};{ESTADO OU DISTRITO FEDERAL}
TJRR;0815553-71.2024.8.23.0010;2024;{12487};;;{ESTADO DE RORAIMA};{ESTADO OU DISTRITO FEDERAL}
TJRR;0819699-97.2020.8.23.0010;2024;{10671,12491};;;{ESTADO DE RORAIMA};{ESTADO OU DISTRITO FEDERAL}
TJRR;0802664-85.2024.8.23.0010;2024;{12486};{QUALICORP ADMINISTRADORA DE BENEFICIOS S.A.};{SOCIEDADE ANONIMA FECHADA};;
TJRR;0819108-33.2023.8.23.0010;2024;{12489};{MUNICIPIO DE BOA VISTA,MUNICIPIO DE BOA VISTA - RR};{MUNICIPIO,ND};;
TJRR;0808692-69.2024.8.23.0010;2024;{12491};{MUNICIPIO DE BOA VISTA,MUNICIPIO DE BOA VISTA - RR};{MUNICIPIO,ND};{MUNICIPIO DE BOA VISTA,MUNICIPIO DE BOA VISTA - RR};{MUNICIPIO,ND}
TJRR;0825707-51.2024.8.23.0010;2024;{12489};{ESTADO DE RORAIMA};{ESTADO OU DISTRITO FEDERAL};;
TJRR;0826035-49.2022.8.23.0010;2024;{12503};;;{ESTADO DE RORAIMA};{ESTADO OU DISTRITO FEDERAL}
TJRR;0826361-38.2024.8.23.0010;2024;{12490};{MUNICIPIO DE BOA VISTA,MUNICIPIO DE BOA VISTA - RR};{MUNICIPIO,ND};;
TJRR;0829788-43.2024.8.23.0010;2024;{12489};{ESTADO DE RORAIMA};{ESTADO OU DISTRITO FEDERAL};;
TJRR;0827433-60.2024.8.23.0010;2024;{12489};{GEAP AUTOGESTAO EM SAUDE};{FUNDACAO PRIVADA};;
TJRR;9002305-45.2024.8.23.0000;2024;{12486};;;{FEDERACAO DAS UNIMEDS DA AMAZONIA - FEDERACAO DAS SOCIEDADES COOPERATIVAS DE TRABALHO MEDICO DO ACRE  AMAPA  AMAZONAS  PARA  RONDONIA E RORAIMA};{COOPERATIVA}
TJRR;0813729-82.2021.8.23.0010;2024;{12491};;;{ESTADO DE RORAIMA};{ESTADO OU DISTRITO FEDERAL}
TJRR;0817999-52.2021.8.23.0010;2024;{12503};;;{ESTADO DE RORAIMA};{ESTADO OU DISTRITO FEDERAL}
TJRR;0822566-24.2024.8.23.0010;2024;{12490};{MUNICIPIO DE BOA VISTA};{MUNICIPIO};{MUNICIPIO DE BOA VISTA};{MUNICIPIO}
TJRR;9002702-07.2024.8.23.0000;2024;{12487};{MUNICIPIO DE BOA VISTA};{MUNICIPIO};;
TJRR;0810721-63.2022.8.23.0010;2024;{12503};;;{ESTADO DE RORAIMA};{ESTADO OU DISTRITO FEDERAL}
TJRR;0813063-76.2024.8.23.0010;2024;{12486};{GEAP AUTOGESTAO EM SAUDE};{FUNDACAO PRIVADA};;
TJRR;9002540-12.2024.8.23.0000;2024;{12490};{MUNICIPIO DE BOA VISTA};{MUNICIPIO};;
TJRR;9002596-45.2024.8.23.0000;2024;{12490};{MUNICIPIO DE BOA VISTA};{MUNICIPIO};;
TJRR;0821569-41.2024.8.23.0010;2025;{12486,10439};;;{GEAP AUTOGESTAO EM SAUDE};{FUNDACAO PRIVADA}
TJRR;0819938-33.2022.8.23.0010;2025;{12501,12503};;;{ESTADO DE RORAIMA};{ESTADO OU DISTRITO FEDERAL}
TJRR;0831292-84.2024.8.23.0010;2025;{12489};;;{ESTADO DE RORAIMA};{ESTADO OU DISTRITO FEDERAL}
TJRR;0827997-39.2024.8.23.0010;2025;{12487};{ESTADO DE RORAIMA};{ESTADO OU DISTRITO FEDERAL};;
TJRR;0827928-41.2023.8.23.0010;2025;{12508};{ESTADO DE RORAIMA};{ESTADO OU DISTRITO FEDERAL};;
TJRR;0842686-88.2024.8.23.0010;2025;{12486};{GEAP AUTOGESTAO EM SAUDE};{FUNDACAO PRIVADA};;
TJRR;0834509-38.2024.8.23.0010;2025;{12490};{MUNICIPIO DE BOA VISTA};{MUNICIPIO};;
TJRR;0840058-29.2024.8.23.0010;2025;{12503};{ESTADO DE RORAIMA};{ESTADO OU DISTRITO FEDERAL};;
TJRR;0830790-48.2024.8.23.0010;2025;{12490};{MUNICIPIO DE BOA VISTA};{MUNICIPIO};;
TJRR;0826887-05.2024.8.23.0010;2025;{12494,12487};;;{ESTADO DE RORAIMA};{ESTADO OU DISTRITO FEDERAL}
TJRR;0845498-06.2024.8.23.0010;2025;{12490};{MUNICIPIO DE BOA VISTA};{MUNICIPIO};;
TJRR;0842368-08.2024.8.23.0010;2025;{12508};{ESTADO DE RORAIMA};{ESTADO OU DISTRITO FEDERAL};;
TJRR;0825295-91.2022.8.23.0010;2025;{12491};;;{ESTADO DE RORAIMA};{ESTADO OU DISTRITO FEDERAL}
TJRR;0839358-53.2024.8.23.0010;2025;{12490};{MUNICIPIO DE BOA VISTA};{MUNICIPIO};;
TJRR;9001151-89.2024.8.23.0000;2024;{12490};{ESTADO DE RORAIMA};{ESTADO OU DISTRITO FEDERAL};;
TJRR;0808692-69.2024.8.23.0010;2024;{12491};;;{MUNICIPIO DE BOA VISTA,ESTADO DE RORAIMA,MUNICIPIO DE BOA VISTA - RR};{MUNICIPIO,ESTADO OU DISTRITO FEDERAL,ND}
TJRR;0808126-23.2024.8.23.0010;2024;{12502};;;{ESTADO DE RORAIMA};{ESTADO OU DISTRITO FEDERAL}
TJRR;0804264-49.2021.8.23.0010;2024;{12491};;;{ESTADO DE RORAIMA};{ESTADO OU DISTRITO FEDERAL}
TJRR;0823055-66.2021.8.23.0010;2025;{12503};;;{ESTADO DE RORAIMA};{ESTADO OU DISTRITO FEDERAL}
TJRR;0813974-93.2021.8.23.0010;2024;{12491};;;{ESTADO DE RORAIMA};{ESTADO OU DISTRITO FEDERAL}
TJRR;0813337-45.2021.8.23.0010;2024;{12494};;;{ESTADO DE RORAIMA};{ESTADO OU DISTRITO FEDERAL}
TJRR;0822106-42.2021.8.23.0010;2024;{12503};;;{ESTADO DE RORAIMA};{ESTADO OU DISTRITO FEDERAL}
TJRR;0819090-17.2020.8.23.0010;2024;{12491,10671};;;{ESTADO DE RORAIMA};{ESTADO OU DISTRITO FEDERAL}
TJRR;0813027-10.2019.8.23.0010;2024;{12491,10671};;;{ESTADO DE RORAIMA};{ESTADO OU DISTRITO FEDERAL}
TJRR;0802074-16.2021.8.23.0010;2024;{12491};;;{ESTADO DE RORAIMA};{ESTADO OU DISTRITO FEDERAL}
TJRR;0826939-06.2021.8.23.0010;2024;{12503};;;{ESTADO DE RORAIMA};{ESTADO OU DISTRITO FEDERAL}
TJRR;0819667-58.2021.8.23.0010;2024;{12503};;;{ESTADO DE RORAIMA};{ESTADO OU DISTRITO FEDERAL}
TJRR;0808856-39.2021.8.23.0010;2024;{12491};;;{ESTADO DE RORAIMA};{ESTADO OU DISTRITO FEDERAL}
TJRR;0818605-80.2021.8.23.0010;2024;{12503};;;{ESTADO DE RORAIMA};{ESTADO OU DISTRITO FEDERAL}
TJRR;0825762-07.2021.8.23.0010;2024;{12503};;;{ESTADO DE RORAIMA};{ESTADO OU DISTRITO FEDERAL}
TJRR;0808390-45.2021.8.23.0010;2024;{12491};{ESTADO DE RORAIMA};{ESTADO OU DISTRITO FEDERAL};{ESTADO DE RORAIMA};{ESTADO OU DISTRITO FEDERAL}
TJRR;0807568-27.2019.8.23.0010;2024;{10671,12491};;;{ESTADO DE RORAIMA};{ESTADO OU DISTRITO FEDERAL}
TJRR;0160346-35.2007.8.23.0010;2024;{12500,10502};;;{ESTADO DE RORAIMA};{ESTADO OU DISTRITO FEDERAL}
TJRR;0810202-20.2024.8.23.0010;2024;{12511};;;{GEAP AUTOGESTAO EM SAUDE};{FUNDACAO PRIVADA}
TJRR;0813083-67.2024.8.23.0010;2024;{9196,12491};;;{FEDERACAO DAS UNIMEDS DA AMAZONIA - FEDERACAO DAS SOCIEDADES COOPERATIVAS DE TRABALHO MEDICO DO ACRE  AMAPA  AMAZONAS  PARA  RONDONIA E RORAIMA};{COOPERATIVA}
TJRR;0805749-45.2025.8.23.0010;2025;{12491};;;{GEAP AUTOGESTAO EM SAUDE};{FUNDACAO PRIVADA}
TJRR;0829437-70.2024.8.23.0010;2024;{12491};;;{UNIMED SEGUROS SAUDE S/A};{SOCIEDADE ANONIMA FECHADA}
TJRR;0820833-57.2023.8.23.0010;2024;{12491};;;{FEDERACAO DAS UNIMEDS DA AMAZONIA - FEDERACAO DAS SOCIEDADES COOPERATIVAS DE TRABALHO MEDICO DO ACRE  AMAPA  AMAZONAS  PARA  RONDONIA E RORAIMA};{COOPERATIVA}
TJRR;0819464-28.2023.8.23.0010;2024;{12484};;;{FEDERACAO DAS UNIMEDS DA AMAZONIA - FEDERACAO DAS SOCIEDADES COOPERATIVAS DE TRABALHO MEDICO DO ACRE  AMAPA  AMAZONAS  PARA  RONDONIA E RORAIMA};{COOPERATIVA}
TJRR;0826079-34.2023.8.23.0010;2024;{12484};;;{GEAP AUTOGESTAO EM SAUDE,GEAP - FUNDACAO DE SEGURIDADE SOCIAL};{FUNDACAO PRIVADA,ND}
TJRR;0813083-67.2024.8.23.0010;2024;{9196,12491};;;{FEDERACAO DAS UNIMEDS DA AMAZONIA - FEDERACAO DAS SOCIEDADES COOPERATIVAS DE TRABALHO MEDICO DO ACRE  AMAPA  AMAZONAS  PARA  RONDONIA E RORAIMA};{COOPERATIVA}
TJRR;0814763-87.2024.8.23.0010;2024;{12491};;;{FEDERACAO DAS UNIMEDS DA AMAZONIA - FEDERACAO DAS SOCIEDADES COOPERATIVAS DE TRABALHO MEDICO DO ACRE  AMAPA  AMAZONAS  PARA  RONDONIA E RORAIMA,UNIMED DE BOA VISTA-COOPERATIVA DE TRABALHO MEDICO};{COOPERATIVA,COOPERATIVA}
TJRR;0801651-17.2025.8.23.0010;2025;{12491};;;;
TJRR;0809219-21.2024.8.23.0010;2024;{12491};;;{FEDERACAO DAS UNIMEDS DA AMAZONIA - FEDERACAO DAS SOCIEDADES COOPERATIVAS DE TRABALHO MEDICO DO ACRE  AMAPA  AMAZONAS  PARA  RONDONIA E RORAIMA};{COOPERATIVA}
TJRR;0821733-06.2024.8.23.0010;2024;{12491};;;{FEDERACAO DAS UNIMEDS DA AMAZONIA - FEDERACAO DAS SOCIEDADES COOPERATIVAS DE TRABALHO MEDICO DO ACRE  AMAPA  AMAZONAS  PARA  RONDONIA E RORAIMA};{COOPERATIVA}
TJRR;0803336-59.2025.8.23.0010;2025;{12491};;;{GEAP AUTOGESTAO EM SAUDE};{FUNDACAO PRIVADA}
TJRR;0802892-60.2024.8.23.0010;2024;{12491};;;{GEAP AUTOGESTAO EM SAUDE};{FUNDACAO PRIVADA}
TJRR;0825504-89.2024.8.23.0010;2024;{7775,12491};;;{GEAP AUTOGESTAO EM SAUDE};{FUNDACAO PRIVADA}
TJRR;0842966-59.2024.8.23.0010;2024;{12491};;;{UNIMED SEGUROS SAUDE S/A};{SOCIEDADE ANONIMA FECHADA}
TJRR;0810056-76.2024.8.23.0010;2024;{12484};;;{MUNICIPIO DE BOA VISTA};{MUNICIPIO}
TJRR;0814052-19.2023.8.23.0010;2024;{12484,9580};;;{GEAP AUTOGESTAO EM SAUDE,GEAP - FUNDACAO DE SEGURIDADE SOCIAL};{FUNDACAO PRIVADA,ND}
TJRR;0806894-10.2023.8.23.0010;2024;{9196,12491};;;{FEDERACAO DAS UNIMEDS DA AMAZONIA - FEDERACAO DAS SOCIEDADES COOPERATIVAS DE TRABALHO MEDICO DO ACRE  AMAPA  AMAZONAS  PARA  RONDONIA E RORAIMA};{COOPERATIVA}
TJRR;0809219-21.2024.8.23.0010;2024;{12491};;;{FEDERACAO DAS UNIMEDS DA AMAZONIA - FEDERACAO DAS SOCIEDADES COOPERATIVAS DE TRABALHO MEDICO DO ACRE  AMAPA  AMAZONAS  PARA  RONDONIA E RORAIMA};{COOPERATIVA}
TJRR;0821662-43.2020.8.23.0010;2024;{7779,12491};;;{FEDERACAO DAS UNIMEDS DA AMAZONIA - FEDERACAO DAS SOCIEDADES COOPERATIVAS DE TRABALHO MEDICO DO ACRE  AMAPA  AMAZONAS  PARA  RONDONIA E RORAIMA};{COOPERATIVA}
TJRR;0811499-96.2023.8.23.0010;2024;{12491};;;{FEDERACAO DAS UNIMEDS DA AMAZONIA - FEDERACAO DAS SOCIEDADES COOPERATIVAS DE TRABALHO MEDICO DO ACRE  AMAPA  AMAZONAS  PARA  RONDONIA E RORAIMA};{COOPERATIVA}
TJRR;0840356-55.2023.8.23.0010;2024;{10433,12491};;;{FEDERACAO DAS UNIMEDS DA AMAZONIA - FEDERACAO DAS SOCIEDADES COOPERATIVAS DE TRABALHO MEDICO DO ACRE  AMAPA  AMAZONAS  PARA  RONDONIA E RORAIMA};{COOPERATIVA}
TJRR;0824816-64.2023.8.23.0010;2024;{12491};;;{FEDERACAO DAS UNIMEDS DA AMAZONIA - FEDERACAO DAS SOCIEDADES COOPERATIVAS DE TRABALHO MEDICO DO ACRE  AMAPA  AMAZONAS  PARA  RONDONIA E RORAIMA};{COOPERATIVA}
TJRR;0804439-72.2023.8.23.0010;2024;{12491};;;{FEDERACAO DAS UNIMEDS DA AMAZONIA - FEDERACAO DAS SOCIEDADES COOPERATIVAS DE TRABALHO MEDICO DO ACRE  AMAPA  AMAZONAS  PARA  RONDONIA E RORAIMA};{COOPERATIVA}
TJRR;0813910-15.2023.8.23.0010;2024;{12491};;;{UNIMED DE BOA VISTA-COOPERATIVA DE TRABALHO MEDICO};{COOPERATIVA}
TJRR;0823026-16.2021.8.23.0010;2024;{7779,12491};;;{UNIMED PORTO ALEGRE - COOPERATIVA MEDICA LTDA,UNIMED PORTO ALEGRE - COOPERATIVA DE TRABALHO MEDICO};{COOPERATIVA,ND}
TJRR;0825396-65.2021.8.23.0010;2024;{7780,7779,12491};;;{FEDERACAO DAS UNIMEDS DA AMAZONIA - FEDERACAO DAS SOCIEDADES COOPERATIVAS DE TRABALHO MEDICO DO ACRE  AMAPA  AMAZONAS  PARA  RONDONIA E RORAIMA};{COOPERATIVA}
TJRR;0830227-93.2020.8.23.0010;2024;{12491};;;{GEAP AUTOGESTAO EM SAUDE};{FUNDACAO PRIVADA}
TJRR;sigiloso(582794004);2024;{7775,12491,7779};Sigiloso;Sigiloso;Sigiloso;Sigiloso
TJRR;0806322-20.2024.8.23.0010;2024;{12491};{SOCIEDADE RORAIMENSE DE OFTALMOLOGIA};{ASSOCIACAO PRIVADA};;
TJRR;0855807-86.2024.8.23.0010;2024;{12491};;;{GEAP AUTOGESTAO EM SAUDE};{FUNDACAO PRIVADA}
TJRR;0804811-84.2024.8.23.0010;2024;{12491};;;{FEDERACAO DAS UNIMEDS DA AMAZONIA - FEDERACAO DAS SOCIEDADES COOPERATIVAS DE TRABALHO MEDICO DO ACRE  AMAPA  AMAZONAS  PARA  RONDONIA E RORAIMA};{COOPERATIVA}
TJRR;0841830-27.2024.8.23.0010;2024;{12491};;;{GEAP AUTOGESTAO EM SAUDE,GEAP - FUNDACAO DE SEGURIDADE SOCIAL};{FUNDACAO PRIVADA,ND}
TJRR;0806697-84.2025.8.23.0010;2025;{10433,12491,7775};;;{GEAP AUTOGESTAO EM SAUDE};{FUNDACAO PRIVADA}
TJRR;0826572-74.2024.8.23.0010;2024;{12484};;;{UNIMED DE BOA VISTA-COOPERATIVA DE TRABALHO MEDICO};{COOPERATIVA}
TJRR;0807816-17.2024.8.23.0010;2024;{12485};;;{FEDERACAO DAS UNIMEDS DA AMAZONIA - FEDERACAO DAS SOCIEDADES COOPERATIVAS DE TRABALHO MEDICO DO ACRE  AMAPA  AMAZONAS  PARA  RONDONIA E RORAIMA};{COOPERATIVA}
TJRR;0834146-51.2024.8.23.0010;2024;{12491};;;{GEAP AUTOGESTAO EM SAUDE};{FUNDACAO PRIVADA}
TJRR;0819299-44.2024.8.23.0010;2024;{10433,12491,7779,10671};;;{BRADESCO SAUDE S/A};{SOCIEDADE ANONIMA FECHADA}
TJRR;0806767-04.2025.8.23.0010;2025;{12491,12511};;;{MUNICIPIO DE BOA VISTA,ESTADO DE RORAIMA};{MUNICIPIO,ESTADO OU DISTRITO FEDERAL}
TJRR;0806688-59.2024.8.23.0010;2024;{12491};;;{FEDERACAO DAS UNIMEDS DA AMAZONIA - FEDERACAO DAS SOCIEDADES COOPERATIVAS DE TRABALHO MEDICO DO ACRE  AMAPA  AMAZONAS  PARA  RONDONIA E RORAIMA};{COOPERATIVA}
TJRR;0822357-60.2021.8.23.0010;2024;{10433,12491};;;{GEAP AUTOGESTAO EM SAUDE,GEAP - FUNDACAO DE SEGURIDADE SOCIAL};{FUNDACAO PRIVADA,ND}
TJRR;0804811-84.2024.8.23.0010;2024;{12491};;;{FEDERACAO DAS UNIMEDS DA AMAZONIA - FEDERACAO DAS SOCIEDADES COOPERATIVAS DE TRABALHO MEDICO DO ACRE  AMAPA  AMAZONAS  PARA  RONDONIA E RORAIMA};{COOPERATIVA}
TJRR;0841279-81.2023.8.23.0010;2025;{12491};;;{FEDERACAO DAS UNIMEDS DA AMAZONIA - FEDERACAO DAS SOCIEDADES COOPERATIVAS DE TRABALHO MEDICO DO ACRE  AMAPA  AMAZONAS  PARA  RONDONIA E RORAIMA};{COOPERATIVA}
TJRR;0829374-79.2023.8.23.0010;2024;{12491};;;{GEAP AUTOGESTAO EM SAUDE};{FUNDACAO PRIVADA}
TJRR;0804892-33.2024.8.23.0010;2024;{9196,12491};;;{GEAP AUTOGESTAO EM SAUDE,GEAP - FUNDACAO DE SEGURIDADE SOCIAL};{FUNDACAO PRIVADA,ND}
TJRR;0814141-42.2023.8.23.0010;2024;{12491};;;{FEDERACAO DAS UNIMEDS DA AMAZONIA - FEDERACAO DAS SOCIEDADES COOPERATIVAS DE TRABALHO MEDICO DO ACRE  AMAPA  AMAZONAS  PARA  RONDONIA E RORAIMA};{COOPERATIVA}
TJRR;0834146-51.2024.8.23.0010;2024;{12491};;;{GEAP AUTOGESTAO EM SAUDE};{FUNDACAO PRIVADA}
TJRR;0846415-59.2023.8.23.0010;2024;{12491};;;{UNIMED-RIO COOPERATIVA DE TRABALHO MEDICO DO RIO DE JANEIRO LTDA,UNIMED  RIO DE JANEIRO COOPERATIVA DE TRABALHO MEDICO};{COOPERATIVA,ND}
TJRR;0830435-72.2023.8.23.0010;2024;{12491};;;{FEDERACAO DAS UNIMEDS DA AMAZONIA - FEDERACAO DAS SOCIEDADES COOPERATIVAS DE TRABALHO MEDICO DO ACRE  AMAPA  AMAZONAS  PARA  RONDONIA E RORAIMA};{COOPERATIVA}
TJRR;0809816-24.2023.8.23.0010;2024;{12491};;;{FEDERACAO DAS UNIMEDS DA AMAZONIA - FEDERACAO DAS SOCIEDADES COOPERATIVAS DE TRABALHO MEDICO DO ACRE  AMAPA  AMAZONAS  PARA  RONDONIA E RORAIMA};{COOPERATIVA}
TJRR;0808676-18.2024.8.23.0010;2024;{12491};;;{GEAP AUTOGESTAO EM SAUDE,GEAP - FUNDACAO DE SEGURIDADE SOCIAL};{FUNDACAO PRIVADA,ND}
TJRR;0803517-94.2024.8.23.0010;2024;{12491};;;{GEAP AUTOGESTAO EM SAUDE};{FUNDACAO PRIVADA}
TJRR;0805742-53.2025.8.23.0010;2025;{12491};;;{GEAP AUTOGESTAO EM SAUDE};{FUNDACAO PRIVADA}
TJRR;0805805-78.2025.8.23.0010;2025;{12491};;;{GEAP AUTOGESTAO EM SAUDE};{FUNDACAO PRIVADA}
TJRR;0826785-80.2024.8.23.0010;2024;{12491};;;{GEAP AUTOGESTAO EM SAUDE};{FUNDACAO PRIVADA}
TJRR;sigiloso(582827975);2024;{10671,12491};Sigiloso;Sigiloso;Sigiloso;Sigiloso
TJRR;sigiloso(723465783);2025;{12491};Sigiloso;Sigiloso;Sigiloso;Sigiloso
TJRR;0827293-26.2024.8.23.0010;2024;{12487};;;{ESTADO DE RORAIMA};{ESTADO OU DISTRITO FEDERAL}
TJRR;0821852-69.2021.8.23.0010;2024;{12488};{ALICERCE CONSTRUCOES E SERVICOS LTDA,ALICERCE CONSTRUCOES LTDA};{SOCIEDADE EMPRESARIA LIMITADA,SOCIEDADE EMPRESARIA LIMITADA};{MUNICIPIO DE BOA VISTA,MUNICIPIO DE BOA VISTA - RR};{MUNICIPIO,ND}
TJRR;0847286-89.2023.8.23.0010;2024;{12491};;;;
TJRR;sigiloso(723250457);2024;{12483};Sigiloso;Sigiloso;Sigiloso;Sigiloso
TJRR;0855340-10.2024.8.23.0010;2024;{12489};;;{GEAP AUTOGESTAO EM SAUDE};{FUNDACAO PRIVADA}
TJRR;0843260-14.2024.8.23.0010;2024;{12486};;;{FEDERACAO DAS UNIMEDS DA AMAZONIA - FEDERACAO DAS SOCIEDADES COOPERATIVAS DE TRABALHO MEDICO DO ACRE  AMAPA  AMAZONAS  PARA  RONDONIA E RORAIMA,UNIMED DE BOA VISTA-COOPERATIVA DE TRABALHO MEDICO};{COOPERATIVA,COOPERATIVA}
TJRR;0823923-39.2024.8.23.0010;2024;{12486,7779,10671};;;{QUALICORP ADMINISTRADORA DE BENEFICIOS S.A.,UNIMED DE BOA VISTA-COOPERATIVA DE TRABALHO MEDICO};{SOCIEDADE ANONIMA FECHADA,COOPERATIVA}
TJRR;0800995-60.2025.8.23.0010;2025;{12486};;;{FEDERACAO DAS UNIMEDS DA AMAZONIA - FEDERACAO DAS SOCIEDADES COOPERATIVAS DE TRABALHO MEDICO DO ACRE  AMAPA  AMAZONAS  PARA  RONDONIA E RORAIMA};{COOPERATIVA}
TJRR;0804790-11.2024.8.23.0010;2024;{12486};;;{FEDERACAO DAS UNIMEDS DA AMAZONIA - FEDERACAO DAS SOCIEDADES COOPERATIVAS DE TRABALHO MEDICO DO ACRE  AMAPA  AMAZONAS  PARA  RONDONIA E RORAIMA};{COOPERATIVA}
TJRR;0813063-76.2024.8.23.0010;2024;{12486};;;{GEAP AUTOGESTAO EM SAUDE,GEAP - FUNDACAO DE SEGURIDADE SOCIAL};{FUNDACAO PRIVADA,ND}
TJRR;0819077-76.2024.8.23.0010;2024;{12486};;;{FEDERACAO DAS UNIMEDS DA AMAZONIA - FEDERACAO DAS SOCIEDADES COOPERATIVAS DE TRABALHO MEDICO DO ACRE  AMAPA  AMAZONAS  PARA  RONDONIA E RORAIMA};{COOPERATIVA}
TJRR;0852084-59.2024.8.23.0010;2024;{12486};;;{GEAP AUTOGESTAO EM SAUDE};{FUNDACAO PRIVADA}
TJRR;0852095-88.2024.8.23.0010;2024;{12486};;;{GEAP AUTOGESTAO EM SAUDE,CENTRO MEDICO VILLE ROY LTDA};{FUNDACAO PRIVADA,SOCIEDADE ANONIMA FECHADA}
TJRR;0815628-13.2024.8.23.0010;2024;{12490};;;{FEDERACAO DAS UNIMEDS DA AMAZONIA - FEDERACAO DAS SOCIEDADES COOPERATIVAS DE TRABALHO MEDICO DO ACRE  AMAPA  AMAZONAS  PARA  RONDONIA E RORAIMA};{COOPERATIVA}
TJRR;0840963-34.2024.8.23.0010;2024;{12486};;;{CLINICA MAE DE DEUS LTDA,CLINICA MAE DE DEUS};{SOCIEDADE EMPRESARIA LIMITADA,ND}
TJRR;0819449-25.2024.8.23.0010;2024;{12489};;;{FEDERACAO DAS UNIMEDS DA AMAZONIA - FEDERACAO DAS SOCIEDADES COOPERATIVAS DE TRABALHO MEDICO DO ACRE  AMAPA  AMAZONAS  PARA  RONDONIA E RORAIMA};{COOPERATIVA}
TJRR;0806720-64.2024.8.23.0010;2024;{7780,12486,7779};;;{FEDERACAO DAS UNIMEDS DA AMAZONIA - FEDERACAO DAS SOCIEDADES COOPERATIVAS DE TRABALHO MEDICO DO ACRE  AMAPA  AMAZONAS  PARA  RONDONIA E RORAIMA};{COOPERATIVA}
TJRR;0808090-78.2024.8.23.0010;2024;{12486};;;{UNIMED DE BOA VISTA-COOPERATIVA DE TRABALHO MEDICO};{COOPERATIVA}
TJRR;0806917-82.2025.8.23.0010;2025;{7780,12486,7779};;;{BRADESCO SAUDE S/A};{SOCIEDADE ANONIMA FECHADA}
TJRR;0824882-10.2024.8.23.0010;2024;{10433,12486};;;{FEDERACAO DAS UNIMEDS DA AMAZONIA - FEDERACAO DAS SOCIEDADES COOPERATIVAS DE TRABALHO MEDICO DO ACRE  AMAPA  AMAZONAS  PARA  RONDONIA E RORAIMA};{COOPERATIVA}
TJRR;0801491-26.2024.8.23.0010;2024;{12487};;;{BRADESCO SAUDE S/A};{SOCIEDADE ANONIMA FECHADA}
TJRR;0822099-45.2024.8.23.0010;2024;{12486,10582,7779};{CULTURA INGLESA,CENTRO CULTURAL CHANNEL DE RORAIMA LTDA};{ND,SOCIEDADE EMPRESARIA LIMITADA};{UNIMED SEGUROS SAUDE S/A,UNIMED SEGURADORA S/A};{SOCIEDADE ANONIMA FECHADA,SOCIEDADE ANONIMA FECHADA}
TJRR;0815594-38.2024.8.23.0010;2024;{12486};;;{CENTRAL NACIONAL UNIMED - COOPERATIVA CENTRAL};{COOPERATIVA}
TJRR;0843541-67.2024.8.23.0010;2024;{12486};;;{FEDERACAO DAS UNIMEDS DA AMAZONIA - FEDERACAO DAS SOCIEDADES COOPERATIVAS DE TRABALHO MEDICO DO ACRE  AMAPA  AMAZONAS  PARA  RONDONIA E RORAIMA};{COOPERATIVA}
TJRR;0827433-60.2024.8.23.0010;2024;{12489};;;{GEAP AUTOGESTAO EM SAUDE};{FUNDACAO PRIVADA}
TJRR;0803214-46.2025.8.23.0010;2025;{10433,12486};;;{GEAP AUTOGESTAO EM SAUDE};{FUNDACAO PRIVADA}
TJRR;0821424-82.2024.8.23.0010;2024;{9596,10433,12486};;;{UNIMED SEGUROS SAUDE S/A};{SOCIEDADE ANONIMA FECHADA}
TJRR;0826398-65.2024.8.23.0010;2024;{7779,12491};;;{FEDERACAO DAS UNIMEDS DA AMAZONIA - FEDERACAO DAS SOCIEDADES COOPERATIVAS DE TRABALHO MEDICO DO ACRE  AMAPA  AMAZONAS  PARA  RONDONIA E RORAIMA};{COOPERATIVA}
TJRR;0804790-11.2024.8.23.0010;2024;{12486};;;{FEDERACAO DAS UNIMEDS DA AMAZONIA - FEDERACAO DAS SOCIEDADES COOPERATIVAS DE TRABALHO MEDICO DO ACRE  AMAPA  AMAZONAS  PARA  RONDONIA E RORAIMA};{COOPERATIVA}
TJRR;0813063-76.2024.8.23.0010;2025;{12486};;;{GEAP AUTOGESTAO EM SAUDE,GEAP - FUNDACAO DE SEGURIDADE SOCIAL};{FUNDACAO PRIVADA,ND}
TJRR;0819077-76.2024.8.23.0010;2024;{12486};;;{FEDERACAO DAS UNIMEDS DA AMAZONIA - FEDERACAO DAS SOCIEDADES COOPERATIVAS DE TRABALHO MEDICO DO ACRE  AMAPA  AMAZONAS  PARA  RONDONIA E RORAIMA};{COOPERATIVA}
TJRR;0828054-91.2023.8.23.0010;2024;{12486,7775,10671};;;{FEDERACAO DAS UNIMEDS DA AMAZONIA - FEDERACAO DAS SOCIEDADES COOPERATIVAS DE TRABALHO MEDICO DO ACRE  AMAPA  AMAZONAS  PARA  RONDONIA E RORAIMA};{COOPERATIVA}
TJRR;0819449-25.2024.8.23.0010;2024;{12489};;;{FEDERACAO DAS UNIMEDS DA AMAZONIA - FEDERACAO DAS SOCIEDADES COOPERATIVAS DE TRABALHO MEDICO DO ACRE  AMAPA  AMAZONAS  PARA  RONDONIA E RORAIMA};{COOPERATIVA}
TJRR;0806720-64.2024.8.23.0010;2024;{7780,12486,7779};;;{FEDERACAO DAS UNIMEDS DA AMAZONIA - FEDERACAO DAS SOCIEDADES COOPERATIVAS DE TRABALHO MEDICO DO ACRE  AMAPA  AMAZONAS  PARA  RONDONIA E RORAIMA};{COOPERATIVA}
TJRR;0808090-78.2024.8.23.0010;2024;{12486};;;{UNIMED DE BOA VISTA-COOPERATIVA DE TRABALHO MEDICO};{COOPERATIVA}
TJRR;0836929-50.2023.8.23.0010;2024;{12486};;;{FEDERACAO DAS UNIMEDS DA AMAZONIA - FEDERACAO DAS SOCIEDADES COOPERATIVAS DE TRABALHO MEDICO DO ACRE  AMAPA  AMAZONAS  PARA  RONDONIA E RORAIMA};{COOPERATIVA}
TJRR;0801491-26.2024.8.23.0010;2024;{12487};;;{BRADESCO SAUDE S/A};{SOCIEDADE ANONIMA FECHADA}
TJRR;0815594-38.2024.8.23.0010;2025;{12486};;;{CENTRAL NACIONAL UNIMED - COOPERATIVA CENTRAL};{COOPERATIVA}
TJRR;0843541-67.2024.8.23.0010;2024;{12486};;;{FEDERACAO DAS UNIMEDS DA AMAZONIA - FEDERACAO DAS SOCIEDADES COOPERATIVAS DE TRABALHO MEDICO DO ACRE  AMAPA  AMAZONAS  PARA  RONDONIA E RORAIMA};{COOPERATIVA}
TJRR;0823857-59.2024.8.23.0010;2024;{12486};;;{BRADESCO SAUDE S/A};{SOCIEDADE ANONIMA FECHADA}
TJRR;0825463-25.2024.8.23.0010;2024;{12486};;;{BRADESCO SAUDE S/A};{SOCIEDADE ANONIMA FECHADA}
TJRR;0839411-34.2024.8.23.0010;2024;{12486};;;{GEAP AUTOGESTAO EM SAUDE,GEAP - FUNDACAO DE SEGURIDADE SOCIAL};{FUNDACAO PRIVADA,ND}
TJRR;0807598-86.2024.8.23.0010;2024;{12486};;;{FEDERACAO DAS UNIMEDS DA AMAZONIA - FEDERACAO DAS SOCIEDADES COOPERATIVAS DE TRABALHO MEDICO DO ACRE  AMAPA  AMAZONAS  PARA  RONDONIA E RORAIMA};{COOPERATIVA}
TJRR;0803013-88.2024.8.23.0010;2024;{12486};;;{GEAP AUTOGESTAO EM SAUDE};{FUNDACAO PRIVADA}
TJRR;0821117-31.2024.8.23.0010;2024;{12486,7779,7703};;;{GEAP AUTOGESTAO EM SAUDE};{FUNDACAO PRIVADA}
TJRR;0803287-52.2024.8.23.0010;2024;{12486};;;{UNIMED BELEM COOPERATIVA DE TRABALHO MEDICO};{COOPERATIVA}
TJRR;0824892-54.2024.8.23.0010;2024;{12486};;;{FEDERACAO DAS UNIMEDS DA AMAZONIA - FEDERACAO DAS SOCIEDADES COOPERATIVAS DE TRABALHO MEDICO DO ACRE  AMAPA  AMAZONAS  PARA  RONDONIA E RORAIMA};{COOPERATIVA}
TJRR;0844975-91.2024.8.23.0010;2024;{12489,10433,7775};;;{FEDERACAO DAS UNIMEDS DA AMAZONIA - FEDERACAO DAS SOCIEDADES COOPERATIVAS DE TRABALHO MEDICO DO ACRE  AMAPA  AMAZONAS  PARA  RONDONIA E RORAIMA};{COOPERATIVA}
TJRR;8000403-44.2024.8.23.0010;2024;{12486,10671,7779};;;{UNIMED DE MANAUS COOPERATIVA DE TRABALHO MEDICO LTDA,UNIMED MANAUS - COOPERATIVA DE TRABALHO MEDICO};{COOPERATIVA,ND}
TJRR;0822291-75.2024.8.23.0010;2024;{12486};;;{GEAP AUTOGESTAO EM SAUDE};{FUNDACAO PRIVADA}
TJRR;0821211-76.2024.8.23.0010;2024;{12491,7779};;;{FEDERACAO DAS UNIMEDS DA AMAZONIA - FEDERACAO DAS SOCIEDADES COOPERATIVAS DE TRABALHO MEDICO DO ACRE  AMAPA  AMAZONAS  PARA  RONDONIA E RORAIMA};{COOPERATIVA}
TJRR;0820615-92.2024.8.23.0010;2024;{12486};;;{BRADESCO SAUDE S/A};{SOCIEDADE ANONIMA FECHADA}
TJRR;0805371-89.2025.8.23.0010;2025;{12486};{ALMEIDA & MATOS LTDA};{SOCIEDADE EMPRESARIA LIMITADA};{BRADESCO SAUDE S/A};{SOCIEDADE ANONIMA FECHADA}
TJRR;0844968-02.2024.8.23.0010;2024;{12486};;;{GEAP AUTOGESTAO EM SAUDE,GEAP - FUNDACAO DE SEGURIDADE SOCIAL};{FUNDACAO PRIVADA,ND}
TJRR;0835949-06.2023.8.23.0010;2024;{10433,12486,10671};;;{FEDERACAO DAS UNIMEDS DA AMAZONIA - FEDERACAO DAS SOCIEDADES COOPERATIVAS DE TRABALHO MEDICO DO ACRE  AMAPA  AMAZONAS  PARA  RONDONIA E RORAIMA};{COOPERATIVA}
TJRR;0807598-86.2024.8.23.0010;2024;{12486};;;{FEDERACAO DAS UNIMEDS DA AMAZONIA - FEDERACAO DAS SOCIEDADES COOPERATIVAS DE TRABALHO MEDICO DO ACRE  AMAPA  AMAZONAS  PARA  RONDONIA E RORAIMA};{COOPERATIVA}
TJRR;0845282-79.2023.8.23.0010;2024;{12486};;;{FEDERACAO DAS UNIMEDS DA AMAZONIA - FEDERACAO DAS SOCIEDADES COOPERATIVAS DE TRABALHO MEDICO DO ACRE  AMAPA  AMAZONAS  PARA  RONDONIA E RORAIMA};{COOPERATIVA}
TJRR;0821117-31.2024.8.23.0010;2024;{12486,7779,7703};;;{GEAP AUTOGESTAO EM SAUDE};{FUNDACAO PRIVADA}
TJRR;0803287-52.2024.8.23.0010;2024;{12486};;;{UNIMED BELEM COOPERATIVA DE TRABALHO MEDICO};{COOPERATIVA}
TJRR;8000403-44.2024.8.23.0010;2024;{12486,10671,7779};;;{UNIMED DE MANAUS COOPERATIVA DE TRABALHO MEDICO LTDA,UNIMED MANAUS - COOPERATIVA DE TRABALHO MEDICO};{COOPERATIVA,ND}
TJRR;0826269-94.2023.8.23.0010;2024;{12486};;;{FEDERACAO DAS UNIMEDS DA AMAZONIA - FEDERACAO DAS SOCIEDADES COOPERATIVAS DE TRABALHO MEDICO DO ACRE  AMAPA  AMAZONAS  PARA  RONDONIA E RORAIMA};{COOPERATIVA}
TJRR;0836406-38.2023.8.23.0010;2024;{12486};;;{FEDERACAO DAS UNIMEDS DA AMAZONIA - FEDERACAO DAS SOCIEDADES COOPERATIVAS DE TRABALHO MEDICO DO ACRE  AMAPA  AMAZONAS  PARA  RONDONIA E RORAIMA};{COOPERATIVA}
TJRR;0841532-69.2023.8.23.0010;2024;{7780,12486,7779};;;{FEDERACAO DAS UNIMEDS DA AMAZONIA - FEDERACAO DAS SOCIEDADES COOPERATIVAS DE TRABALHO MEDICO DO ACRE  AMAPA  AMAZONAS  PARA  RONDONIA E RORAIMA};{COOPERATIVA}
TJRR;0820862-10.2023.8.23.0010;2024;{12486};;;{FEDERACAO DAS UNIMEDS DA AMAZONIA - FEDERACAO DAS SOCIEDADES COOPERATIVAS DE TRABALHO MEDICO DO ACRE  AMAPA  AMAZONAS  PARA  RONDONIA E RORAIMA};{COOPERATIVA}
TJRR;0805790-12.2025.8.23.0010;2025;{12486};;;{GEAP AUTOGESTAO EM SAUDE};{FUNDACAO PRIVADA}
TJRR;0808361-87.2024.8.23.0010;2024;{12491};;;{GEAP AUTOGESTAO EM SAUDE};{FUNDACAO PRIVADA}
TJRR;0802521-96.2024.8.23.0010;2024;{12486};;;{GEAP AUTOGESTAO EM SAUDE,GEAP - FUNDACAO DE SEGURIDADE SOCIAL};{FUNDACAO PRIVADA,ND}
TJRR;0805790-12.2025.8.23.0010;2025;{12486};;;{GEAP AUTOGESTAO EM SAUDE};{FUNDACAO PRIVADA}
TJRR;0846266-29.2024.8.23.0010;2024;{12489};;;{FEDERACAO DAS UNIMEDS DA AMAZONIA - FEDERACAO DAS SOCIEDADES COOPERATIVAS DE TRABALHO MEDICO DO ACRE  AMAPA  AMAZONAS  PARA  RONDONIA E RORAIMA};{COOPERATIVA}
TJRR;0809436-64.2024.8.23.0010;2024;{12486};;;{GEAP AUTOGESTAO EM SAUDE};{FUNDACAO PRIVADA}
TJRR;0821569-41.2024.8.23.0010;2024;{12486,10439};;;{GEAP AUTOGESTAO EM SAUDE,GEAP - FUNDACAO DE SEGURIDADE SOCIAL};{FUNDACAO PRIVADA,ND}
TJRR;0813031-71.2024.8.23.0010;2024;{12486};;;{FEDERACAO DAS UNIMEDS DA AMAZONIA - FEDERACAO DAS SOCIEDADES COOPERATIVAS DE TRABALHO MEDICO DO ACRE  AMAPA  AMAZONAS  PARA  RONDONIA E RORAIMA};{COOPERATIVA}
TJRR;0850636-51.2024.8.23.0010;2024;{12486};;;{BRADESCO SAUDE S/A,JCK CORRETORA DE SEGUROS LTDA};{SOCIEDADE ANONIMA FECHADA,SOCIEDADE EMPRESARIA LIMITADA}
TJRR;0842686-88.2024.8.23.0010;2024;{12486};;;{GEAP AUTOGESTAO EM SAUDE};{FUNDACAO PRIVADA}
TJRR;0855587-88.2024.8.23.0010;2024;{12486,10671,7779};;;{UNIMED SEGUROS SAUDE S/A};{SOCIEDADE ANONIMA FECHADA}
TJRR;0817456-44.2024.8.23.0010;2024;{12486};;;{FEDERACAO DAS UNIMEDS DA AMAZONIA - FEDERACAO DAS SOCIEDADES COOPERATIVAS DE TRABALHO MEDICO DO ACRE  AMAPA  AMAZONAS  PARA  RONDONIA E RORAIMA};{COOPERATIVA}
TJRR;0826805-71.2024.8.23.0010;2024;{7780,12486,7779};;;{BRADESCO SAUDE S/A};{SOCIEDADE ANONIMA FECHADA}
TJRR;0802664-85.2024.8.23.0010;2024;{12486};;;{QUALICORP ADMINISTRADORA DE BENEFICIOS S.A.,FEDERACAO DAS UNIMEDS DA AMAZONIA - FEDERACAO DAS SOCIEDADES COOPERATIVAS DE TRABALHO MEDICO DO ACRE  AMAPA  AMAZONAS  PARA  RONDONIA E RORAIMA};{SOCIEDADE ANONIMA FECHADA,COOPERATIVA}
TJRR;0813933-24.2024.8.23.0010;2024;{12486};;;{FEDERACAO DAS UNIMEDS DA AMAZONIA - FEDERACAO DAS SOCIEDADES COOPERATIVAS DE TRABALHO MEDICO DO ACRE  AMAPA  AMAZONAS  PARA  RONDONIA E RORAIMA};{COOPERATIVA}
TJRR;0839414-86.2024.8.23.0010;2024;{12489,7779,7780,9606};;;{FEDERACAO DAS UNIMEDS DA AMAZONIA - FEDERACAO DAS SOCIEDADES COOPERATIVAS DE TRABALHO MEDICO DO ACRE  AMAPA  AMAZONAS  PARA  RONDONIA E RORAIMA};{COOPERATIVA}
TJRR;0836671-06.2024.8.23.0010;2024;{7780,12486,7779};;;{BRADESCO SAUDE S/A};{SOCIEDADE ANONIMA FECHADA}
TJRR;0837377-86.2024.8.23.0010;2024;{12486};;;{FEDERACAO DAS UNIMEDS DA AMAZONIA - FEDERACAO DAS SOCIEDADES COOPERATIVAS DE TRABALHO MEDICO DO ACRE  AMAPA  AMAZONAS  PARA  RONDONIA E RORAIMA,CAIXA DE ASSISTENCIA AOS ADVOGADOS DE RORAIMA-CAARR,CAIXA DE ASSISTENCIA DOS ADVOGADOS DE RORAIMA};{COOPERATIVA,ND,ASSOCIACAO PRIVADA}
TJRR;0846536-87.2023.8.23.0010;2024;{12486};;;{FEDERACAO DAS UNIMEDS DA AMAZONIA - FEDERACAO DAS SOCIEDADES COOPERATIVAS DE TRABALHO MEDICO DO ACRE  AMAPA  AMAZONAS  PARA  RONDONIA E RORAIMA};{COOPERATIVA}
TJRR;0802521-96.2024.8.23.0010;2024;{12486};;;{GEAP AUTOGESTAO EM SAUDE,GEAP - FUNDACAO DE SEGURIDADE SOCIAL};{FUNDACAO PRIVADA,ND}
TJRR;0846266-29.2024.8.23.0010;2025;{12489};;;{FEDERACAO DAS UNIMEDS DA AMAZONIA - FEDERACAO DAS SOCIEDADES COOPERATIVAS DE TRABALHO MEDICO DO ACRE  AMAPA  AMAZONAS  PARA  RONDONIA E RORAIMA};{COOPERATIVA}
TJRR;0809436-64.2024.8.23.0010;2024;{12486};;;{GEAP AUTOGESTAO EM SAUDE};{FUNDACAO PRIVADA}
TJRR;0813031-71.2024.8.23.0010;2024;{12486};;;{FEDERACAO DAS UNIMEDS DA AMAZONIA - FEDERACAO DAS SOCIEDADES COOPERATIVAS DE TRABALHO MEDICO DO ACRE  AMAPA  AMAZONAS  PARA  RONDONIA E RORAIMA};{COOPERATIVA}
TJRR;0820390-09.2023.8.23.0010;2024;{12487};;;{GEAP AUTOGESTAO EM SAUDE,GEAP - FUNDACAO DE SEGURIDADE SOCIAL};{FUNDACAO PRIVADA,ND}
TJRR;0817456-44.2024.8.23.0010;2024;{12486};;;{FEDERACAO DAS UNIMEDS DA AMAZONIA - FEDERACAO DAS SOCIEDADES COOPERATIVAS DE TRABALHO MEDICO DO ACRE  AMAPA  AMAZONAS  PARA  RONDONIA E RORAIMA};{COOPERATIVA}
TJRR;0826805-71.2024.8.23.0010;2024;{7780,12486,7779};;;{BRADESCO SAUDE S/A};{SOCIEDADE ANONIMA FECHADA}
TJRR;0830849-70.2023.8.23.0010;2024;{12491};;;{FEDERACAO DAS UNIMEDS DA AMAZONIA - FEDERACAO DAS SOCIEDADES COOPERATIVAS DE TRABALHO MEDICO DO ACRE  AMAPA  AMAZONAS  PARA  RONDONIA E RORAIMA};{COOPERATIVA}
TJRR;0800135-74.2025.8.23.0005;2025;{12501};;;{ESTADO DE RORAIMA};{ESTADO OU DISTRITO FEDERAL}
TJRR;0800565-60.2024.8.23.0005;2024;{12496};;;{ESTADO DE RORAIMA};{ESTADO OU DISTRITO FEDERAL}
TJRR;sigiloso(653309550);2024;{12491};Sigiloso;Sigiloso;Sigiloso;Sigiloso
TJRR;0800657-90.2024.8.23.0020;2024;{12508};;;{ESTADO DE RORAIMA,MUNICIPIO DE CARACARAI,MUNICIPIO DE CARACARAI - RR};{ESTADO OU DISTRITO FEDERAL,MUNICIPIO,ND}
TJRR;0800455-16.2024.8.23.0020;2024;{12508};;;{ESTADO DE RORAIMA,MUNICIPIO DE CARACARAI};{ESTADO OU DISTRITO FEDERAL,MUNICIPIO}
TJRR;0800533-10.2024.8.23.0020;2024;{12508};;;{ESTADO DE RORAIMA,MUNICIPIO DE CARACARAI};{ESTADO OU DISTRITO FEDERAL,MUNICIPIO}
TJRR;0800800-79.2024.8.23.0020;2024;{12508};;;{ESTADO DE RORAIMA,MUNICIPIO DE CARACARAI,MUNICIPIO DE CARACARAI - RR};{ESTADO OU DISTRITO FEDERAL,MUNICIPIO,ND}
TJRR;0801242-45.2024.8.23.0020;2024;{12508};;;{ESTADO DE RORAIMA,MUNICIPIO DE CARACARAI,MUNICIPIO DE CARACARAI - RR};{ESTADO OU DISTRITO FEDERAL,MUNICIPIO,ND}
TJRR;0800211-87.2024.8.23.0020;2024;{12503};{MINISTERIO PUBLICO DO ESTADO DE RORAIMA};{ORGAO PUBLICO AUTONOMO ESTADUAL OU DO DISTRITO FEDERAL};{ESTADO DE RORAIMA};{ESTADO OU DISTRITO FEDERAL}
TJRR;0800673-44.2024.8.23.0020;2024;{12484,10671};;;{ESTADO DE RORAIMA};{ESTADO OU DISTRITO FEDERAL}
TJRR;0801207-85.2024.8.23.0020;2024;{12511};;;{ESTADO DE RORAIMA};{ESTADO OU DISTRITO FEDERAL}
TJRR;0800455-16.2024.8.23.0020;2024;{12508};;;{ESTADO DE RORAIMA,MUNICIPIO DE CARACARAI,MUNICIPIO DE CARACARAI - RR};{ESTADO OU DISTRITO FEDERAL,MUNICIPIO,ND}
TJRR;0800533-10.2024.8.23.0020;2024;{12508};;;{ESTADO DE RORAIMA,MUNICIPIO DE CARACARAI,MUNICIPIO DE CARACARAI - RR};{ESTADO OU DISTRITO FEDERAL,MUNICIPIO,ND}
TJRR;0800211-87.2024.8.23.0020;2024;{12503};{MINISTERIO PUBLICO DO ESTADO DE RORAIMA};{ORGAO PUBLICO AUTONOMO ESTADUAL OU DO DISTRITO FEDERAL};{ESTADO DE RORAIMA};{ESTADO OU DISTRITO FEDERAL}
TJRR;0800211-87.2024.8.23.0020;2024;{12503};{MINISTERIO PUBLICO DO ESTADO DE RORAIMA};{ORGAO PUBLICO AUTONOMO ESTADUAL OU DO DISTRITO FEDERAL};{ESTADO DE RORAIMA};{ESTADO OU DISTRITO FEDERAL}
TJRR;0801040-38.2024.8.23.0030;2024;{12484,9196};{MINISTERIO PUBLICO DO ESTADO DE RORAIMA};{ORGAO PUBLICO AUTONOMO ESTADUAL OU DO DISTRITO FEDERAL};{ESTADO DE RORAIMA,MUNICIPIO DE MUCAJAI,MUNICIPIO DE MUCAJAI/RR};{ESTADO OU DISTRITO FEDERAL,MUNICIPIO,ND}
TJRR;0801184-12.2024.8.23.0030;2024;{12493};{MINISTERIO PUBLICO DO ESTADO DE RORAIMA};{ORGAO PUBLICO AUTONOMO ESTADUAL OU DO DISTRITO FEDERAL};{SECRETARIA DE ESTADO DA SAUDE,ESTADO DE RORAIMA,MUNICIPIO DE IRACEMA,SECRETARIA DE ESTADO DA SAUDE,MUNICIPIO DE IRACEMA/RR};{ND,ESTADO OU DISTRITO FEDERAL,MUNICIPIO,ORGAO PUBLICO DO PODER EXECUTIVO ESTADUAL OU DO DISTRITO FEDERAL,ND}
TJRR;0801303-70.2024.8.23.0030;2024;{12490};;;{ESTADO DE RORAIMA};{ESTADO OU DISTRITO FEDERAL}
TJRR;0800091-66.2024.8.23.0045;2024;{9992,12491};;;{ESTADO DE RORAIMA};{ESTADO OU DISTRITO FEDERAL}
TJRR;0801052-07.2024.8.23.0045;2024;{12501};;;{ESTADO DE RORAIMA};{ESTADO OU DISTRITO FEDERAL}
TJRR;sigiloso(635540570);2024;{12485};Sigiloso;Sigiloso;Sigiloso;Sigiloso
TJRR;0800058-13.2023.8.23.0045;2024;{12503};;;{ESTADO DE RORAIMA};{ESTADO OU DISTRITO FEDERAL}
TJRR;0801235-69.2024.8.23.0047;2024;{12484};{MINISTERIO PUBLICO DO ESTADO DE RORAIMA};{ORGAO PUBLICO AUTONOMO ESTADUAL OU DO DISTRITO FEDERAL};{ESTADO DE RORAIMA};{ESTADO OU DISTRITO FEDERAL}
TJRR;0800956-83.2024.8.23.0047;2024;{12508};{MINISTERIO PUBLICO DO ESTADO DE RORAIMA};{ORGAO PUBLICO AUTONOMO ESTADUAL OU DO DISTRITO FEDERAL};{ESTADO DE RORAIMA};{ESTADO OU DISTRITO FEDERAL}
TJRR;0801942-37.2024.8.23.0047;2024;{12501};;;{ESTADO DE RORAIMA};{ESTADO OU DISTRITO FEDERAL}
TJRR;0800761-98.2024.8.23.0047;2024;{12491};;;{ESTADO DE RORAIMA};{ESTADO OU DISTRITO FEDERAL}
TJRR;0802078-10.2019.8.23.0047;2024;{12511};{MINISTERIO PUBLICO DO ESTADO DE RORAIMA};{ORGAO PUBLICO AUTONOMO ESTADUAL OU DO DISTRITO FEDERAL};{ESTADO DE RORAIMA};{ESTADO OU DISTRITO FEDERAL}
TJRR;0801069-71.2023.8.23.0047;2024;{12484};;;{ESTADO DE RORAIMA};{ESTADO OU DISTRITO FEDERAL}
TJRR;0800075-72.2025.8.23.0047;2025;{12511};;;{ESTADO DE RORAIMA,MUNICIPIO DE RORAINOPOLIS};{ESTADO OU DISTRITO FEDERAL,MUNICIPIO}
TJRR;0802127-75.2024.8.23.0047;2024;{12491};{MINISTERIO PUBLICO DO ESTADO DE RORAIMA};{ORGAO PUBLICO AUTONOMO ESTADUAL OU DO DISTRITO FEDERAL};{ESTADO DE RORAIMA};{ESTADO OU DISTRITO FEDERAL}
TJRR;0800140-62.2024.8.23.0060;2024;{12484};;;{ESTADO DE RORAIMA};{ESTADO OU DISTRITO FEDERAL}
TJRR;0800680-13.2024.8.23.0060;2024;{12510};;;{ESTADO DE RORAIMA,MUNICIPIO DE CAROEBE};{ESTADO OU DISTRITO FEDERAL,MUNICIPIO}
TJRR;0800355-38.2024.8.23.0060;2024;{12508};;;{ESTADO DE RORAIMA,MUNICIPIO DE SAO JOAO DA BALIZA};{ESTADO OU DISTRITO FEDERAL,MUNICIPIO}
TJRR;0800899-26.2024.8.23.0060;2024;{12484};;;{ESTADO DE RORAIMA};{ESTADO OU DISTRITO FEDERAL}
TJRR;0800140-62.2024.8.23.0060;2024;{12484};;;{ESTADO DE RORAIMA};{ESTADO OU DISTRITO FEDERAL}
TJRR;sigiloso(582819296);2024;{12000,12485};Sigiloso;Sigiloso;Sigiloso;Sigiloso
TJRR;sigiloso(582822561);2024;{12511};Sigiloso;Sigiloso;Sigiloso;Sigiloso
TJRR;sigiloso(587143428);2024;{12000,12484};Sigiloso;Sigiloso;Sigiloso;Sigiloso
TJRR;sigiloso(635536056);2024;{12485};Sigiloso;Sigiloso;Sigiloso;Sigiloso
TJRR;sigiloso(653308355);2024;{12000,12484};Sigiloso;Sigiloso;Sigiloso;Sigiloso
TJRR;sigiloso(673246285);2024;{12484};Sigiloso;Sigiloso;Sigiloso;Sigiloso
TJRR;sigiloso(707720311);2024;{12484};Sigiloso;Sigiloso;Sigiloso;Sigiloso
TJRR;sigiloso(707842998);2024;{12484};Sigiloso;Sigiloso;Sigiloso;Sigiloso
TJRR;sigiloso(707843983);2024;{12485};Sigiloso;Sigiloso;Sigiloso;Sigiloso
TJRR;sigiloso(714983506);2024;{12485};Sigiloso;Sigiloso;Sigiloso;Sigiloso
TJRR;sigiloso(714986042);2024;{12484};Sigiloso;Sigiloso;Sigiloso;Sigiloso
TJRR;sigiloso(714989858);2024;{12000,12485};Sigiloso;Sigiloso;Sigiloso;Sigiloso
TJRR;sigiloso(716250789);2024;{12485};Sigiloso;Sigiloso;Sigiloso;Sigiloso
TJRR;sigiloso(716691431);2024;{12484,12485};Sigiloso;Sigiloso;Sigiloso;Sigiloso
TJRR;sigiloso(720916873);2024;{12485};Sigiloso;Sigiloso;Sigiloso;Sigiloso
TJRR;sigiloso(723236267);2025;{12485};Sigiloso;Sigiloso;Sigiloso;Sigiloso
TJRR;sigiloso(707722338);2024;{12491};Sigiloso;Sigiloso;Sigiloso;Sigiloso
TJRR;sigiloso(722774040);2025;{12491};Sigiloso;Sigiloso;Sigiloso;Sigiloso
TJRR;sigiloso(635537558);2024;{12491,12511};Sigiloso;Sigiloso;Sigiloso;Sigiloso
TJRR;sigiloso(707723314);2024;{12485};Sigiloso;Sigiloso;Sigiloso;Sigiloso
TJRR;sigiloso(707842965);2024;{12491};Sigiloso;Sigiloso;Sigiloso;Sigiloso
TJRR;sigiloso(707845158);2024;{12485};Sigiloso;Sigiloso;Sigiloso;Sigiloso
TJRR;sigiloso(582819296);2024;{12000,12485};Sigiloso;Sigiloso;Sigiloso;Sigiloso
TJRR;sigiloso(582835158);2024;{12485};Sigiloso;Sigiloso;Sigiloso;Sigiloso
TJRR;sigiloso(716199557);2024;{12484};Sigiloso;Sigiloso;Sigiloso;Sigiloso
TJRR;0811919-38.2022.8.23.0010;2024;{12503};;;{ESTADO DE RORAIMA};{ESTADO OU DISTRITO FEDERAL}
TJRR;9000892-94.2024.8.23.0000;2024;{12489};{ESTADO DE RORAIMA};{ESTADO OU DISTRITO FEDERAL};;
TJRR;0815605-38.2022.8.23.0010;2024;{12503};;;{ESTADO DE RORAIMA};{ESTADO OU DISTRITO FEDERAL}
TJRR;0804120-41.2022.8.23.0010;2024;{12503};;;{ESTADO DE RORAIMA};{ESTADO OU DISTRITO FEDERAL}
TJRR;0808692-69.2024.8.23.0010;2024;{12491};{MUNICIPIO DE BOA VISTA};{MUNICIPIO};{MUNICIPIO DE BOA VISTA};{MUNICIPIO}
TJRR;0819699-97.2020.8.23.0010;2024;{10671,12491};;;{ESTADO DE RORAIMA};{ESTADO OU DISTRITO FEDERAL}
TJRR;sigiloso(720916143);2024;{12511};Sigiloso;Sigiloso;Sigiloso;Sigiloso
TJRR;sigiloso(582820094);2024;{12000,12484,12485};Sigiloso;Sigiloso;Sigiloso;Sigiloso
TJRR;sigiloso(587140036);2024;{12484,12000,12485};Sigiloso;Sigiloso;Sigiloso;Sigiloso
TJRR;sigiloso(587143230);2024;{12000,12484};Sigiloso;Sigiloso;Sigiloso;Sigiloso
TJRR;sigiloso(632194295);2024;{12484,12000};Sigiloso;Sigiloso;Sigiloso;Sigiloso
TJRR;sigiloso(635535792);2024;{12491};Sigiloso;Sigiloso;Sigiloso;Sigiloso
TJRR;sigiloso(635543366);2024;{12000,12485};Sigiloso;Sigiloso;Sigiloso;Sigiloso
TJRR;sigiloso(635546230);2024;{12485};Sigiloso;Sigiloso;Sigiloso;Sigiloso
TJRR;sigiloso(653305797);2024;{12484};Sigiloso;Sigiloso;Sigiloso;Sigiloso
TJRR;sigiloso(653306478);2024;{12000,12485};Sigiloso;Sigiloso;Sigiloso;Sigiloso
TJRR;sigiloso(653307862);2024;{12000,12485};Sigiloso;Sigiloso;Sigiloso;Sigiloso
TJRR;sigiloso(653308428);2024;{12484};Sigiloso;Sigiloso;Sigiloso;Sigiloso
TJRR;sigiloso(673245929);2024;{12485};Sigiloso;Sigiloso;Sigiloso;Sigiloso
TJRR;sigiloso(707723160);2024;{12484,12485};Sigiloso;Sigiloso;Sigiloso;Sigiloso
TJRR;sigiloso(707723701);2024;{12484};Sigiloso;Sigiloso;Sigiloso;Sigiloso
TJRR;sigiloso(707842474);2024;{12485};Sigiloso;Sigiloso;Sigiloso;Sigiloso
TJRR;sigiloso(707842678);2024;{12485};Sigiloso;Sigiloso;Sigiloso;Sigiloso
TJRR;sigiloso(707842816);2024;{12491};Sigiloso;Sigiloso;Sigiloso;Sigiloso
TJRR;sigiloso(707842994);2024;{12484};Sigiloso;Sigiloso;Sigiloso;Sigiloso
TJRR;sigiloso(707844764);2024;{12485};Sigiloso;Sigiloso;Sigiloso;Sigiloso
TJRR;sigiloso(714984208);2024;{12485};Sigiloso;Sigiloso;Sigiloso;Sigiloso
TJRR;sigiloso(714987606);2024;{12485};Sigiloso;Sigiloso;Sigiloso;Sigiloso
TJRR;sigiloso(714989223);2024;{12485};Sigiloso;Sigiloso;Sigiloso;Sigiloso
TJRR;sigiloso(714990391);2024;{12491};Sigiloso;Sigiloso;Sigiloso;Sigiloso
TJRR;sigiloso(716691403);2024;{12484};Sigiloso;Sigiloso;Sigiloso;Sigiloso
TJRR;sigiloso(720913209);2024;{12485};Sigiloso;Sigiloso;Sigiloso;Sigiloso
TJRR;sigiloso(720914961);2024;{12485};Sigiloso;Sigiloso;Sigiloso;Sigiloso
TJRR;sigiloso(720916214);2024;{12485};Sigiloso;Sigiloso;Sigiloso;Sigiloso
TJRR;sigiloso(723465631);2025;{12491};Sigiloso;Sigiloso;Sigiloso;Sigiloso
TJRR;sigiloso(727143079);2025;{12000,12485};Sigiloso;Sigiloso;Sigiloso;Sigiloso
TJRR;sigiloso(730854374);2025;{12491};Sigiloso;Sigiloso;Sigiloso;Sigiloso
TJRR;sigiloso(730854423);2025;{12000,12491};Sigiloso;Sigiloso;Sigiloso;Sigiloso
TJRR;sigiloso(716199235);2024;{12484};Sigiloso;Sigiloso;Sigiloso;Sigiloso
TJRR;sigiloso(707844572);2024;{12485};Sigiloso;Sigiloso;Sigiloso;Sigiloso
TJRR;sigiloso(707848821);2024;{12000,12485};Sigiloso;Sigiloso;Sigiloso;Sigiloso
TJRR;sigiloso(582837543);2024;{12484};Sigiloso;Sigiloso;Sigiloso;Sigiloso
TJRR;sigiloso(635541665);2024;{12511};Sigiloso;Sigiloso;Sigiloso;Sigiloso
TJRR;sigiloso(707844238);2024;{12491};Sigiloso;Sigiloso;Sigiloso;Sigiloso
TJRR;sigiloso(587140036);2024;{12484,12000,12485};Sigiloso;Sigiloso;Sigiloso;Sigiloso
TJRR;sigiloso(635542735);2024;{12511};Sigiloso;Sigiloso;Sigiloso;Sigiloso
TJRR;sigiloso(635543366);2024;{12000,12485};Sigiloso;Sigiloso;Sigiloso;Sigiloso
TJRR;sigiloso(635543916);2024;{12511};Sigiloso;Sigiloso;Sigiloso;Sigiloso
TJRR;sigiloso(635544327);2024;{12511};Sigiloso;Sigiloso;Sigiloso;Sigiloso
TJRR;sigiloso(653307862);2024;{12000,12485};Sigiloso;Sigiloso;Sigiloso;Sigiloso
TJRR;sigiloso(707722338);2024;{12491};Sigiloso;Sigiloso;Sigiloso;Sigiloso
TJRR;sigiloso(707842816);2024;{12491};Sigiloso;Sigiloso;Sigiloso;Sigiloso
TJRR;sigiloso(714989491);2024;{12484};Sigiloso;Sigiloso;Sigiloso;Sigiloso
TJRR;sigiloso(731240586);2025;{12511};Sigiloso;Sigiloso;Sigiloso;Sigiloso
TJRR;9002799-07.2024.8.23.0000;2025;{12500};;;{MINISTERIO PUBLICO DO ESTADO DE RORAIMA};{ORGAO PUBLICO AUTONOMO ESTADUAL OU DO DISTRITO FEDERAL}
TJRR;9002610-29.2024.8.23.0000;2024;{12491};;;{ESTADO DE RORAIMA};{ESTADO OU DISTRITO FEDERAL}
TJRR;0814052-19.2023.8.23.0010;2024;{9580,12484};{GEAP AUTOGESTAO EM SAUDE,GEAP - FUNDACAO DE SEGURIDADE SOCIAL};{FUNDACAO PRIVADA,ND};;
TJRR;0836704-98.2021.8.23.0010;2024;{12503};;;{ESTADO DE RORAIMA};{ESTADO OU DISTRITO FEDERAL}
TJRR;0841279-81.2023.8.23.0010;2024;{12491};{FEDERACAO DAS UNIMEDS DA AMAZONIA - FEDERACAO DAS SOCIEDADES COOPERATIVAS DE TRABALHO MEDICO DO ACRE  AMAPA  AMAZONAS  PARA  RONDONIA E RORAIMA};{COOPERATIVA};;
TJRR;0808435-15.2022.8.23.0010;2024;{12511};;;{ESTADO DE RORAIMA};{ESTADO OU DISTRITO FEDERAL}
TJRR;0820884-05.2022.8.23.0010;2024;{12501,12503};;;{ESTADO DE RORAIMA};{ESTADO OU DISTRITO FEDERAL}
TJRR;0803660-54.2022.8.23.0010;2024;{12501,12503};;;{ESTADO DE RORAIMA};{ESTADO OU DISTRITO FEDERAL}
TJRR;9000017-90.2025.8.23.0000;2025;{9196,12418,12491};{GEAP AUTOGESTAO EM SAUDE};{FUNDACAO PRIVADA};;
TJRR;0810216-72.2022.8.23.0010;2024;{12501,12503};{ESTADO DE RORAIMA};{ESTADO OU DISTRITO FEDERAL};;
TJRR;0813109-70.2021.8.23.0010;2024;{12491,12511,8843};;;{ESTADO DE RORAIMA};{ESTADO OU DISTRITO FEDERAL}
TJRR;0829374-79.2023.8.23.0010;2024;{12491};{GEAP AUTOGESTAO EM SAUDE,GEAP - FUNDACAO DE SEGURIDADE SOCIAL};{FUNDACAO PRIVADA,ND};;
TJRR;0813910-15.2023.8.23.0010;2024;{12491};{UNIMED DE BOA VISTA-COOPERATIVA DE TRABALHO MEDICO};{COOPERATIVA};;
TJRR;9000693-72.2024.8.23.0000;2024;{9196,12491};;;{FEDERACAO DAS UNIMEDS DA AMAZONIA - FEDERACAO DAS SOCIEDADES COOPERATIVAS DE TRABALHO MEDICO DO ACRE  AMAPA  AMAZONAS  PARA  RONDONIA E RORAIMA};{COOPERATIVA}
TJRR;0807816-17.2024.8.23.0010;2025;{12485};{FEDERACAO DAS UNIMEDS DA AMAZONIA - FEDERACAO DAS SOCIEDADES COOPERATIVAS DE TRABALHO MEDICO DO ACRE  AMAPA  AMAZONAS  PARA  RONDONIA E RORAIMA};{COOPERATIVA};;
TJRR;9000368-97.2024.8.23.0000;2024;{12491};;;{GEAP AUTOGESTAO EM SAUDE};{FUNDACAO PRIVADA}
TJRR;9000495-35.2024.8.23.0000;2024;{12491};{GEAP AUTOGESTAO EM SAUDE};{FUNDACAO PRIVADA};;
TJRR;0804892-33.2024.8.23.0010;2024;{9992,12491};{GEAP AUTOGESTAO EM SAUDE,GEAP - FUNDACAO DE SEGURIDADE SOCIAL};{FUNDACAO PRIVADA,ND};;
TJRR;0802772-17.2024.8.23.0010;2024;{12489,10433,8843};{FEDERACAO DAS UNIMEDS DA AMAZONIA - FEDERACAO DAS SOCIEDADES COOPERATIVAS DE TRABALHO MEDICO DO ACRE  AMAPA  AMAZONAS  PARA  RONDONIA E RORAIMA};{COOPERATIVA};;
TJRR;0814141-42.2023.8.23.0010;2024;{12491};{FEDERACAO DAS UNIMEDS DA AMAZONIA - FEDERACAO DAS SOCIEDADES COOPERATIVAS DE TRABALHO MEDICO DO ACRE  AMAPA  AMAZONAS  PARA  RONDONIA E RORAIMA};{COOPERATIVA};;
TJRR;9000244-17.2024.8.23.0000;2024;{12491,10671};;;{ESTADO DE RORAIMA};{ESTADO OU DISTRITO FEDERAL}
TJRR;0826669-45.2022.8.23.0010;2024;{12503};{ESTADO DE RORAIMA};{ESTADO OU DISTRITO FEDERAL};{ESTADO DE RORAIMA};{ESTADO OU DISTRITO FEDERAL}
TJRR;0823566-93.2023.8.23.0010;2024;{12483,10439};;;{GEAP AUTOGESTAO EM SAUDE};{FUNDACAO PRIVADA}
TJRR;0806590-74.2024.8.23.0010;2025;{12511,12491};{MUNICIPIO DE BOA VISTA};{MUNICIPIO};;
TJRR;0815819-29.2022.8.23.0010;2024;{12503};;;{ESTADO DE RORAIMA};{ESTADO OU DISTRITO FEDERAL}
TJRR;0830365-60.2020.8.23.0010;2025;{12491,10939};;;{ESTADO DE RORAIMA};{ESTADO OU DISTRITO FEDERAL}
TJRR;0800704-02.2021.8.23.0010;2024;{12491};;;{ESTADO DE RORAIMA};{ESTADO OU DISTRITO FEDERAL}
TJRR;0828936-58.2020.8.23.0010;2024;{10433,12491};;;{ESTADO DE RORAIMA};{ESTADO OU DISTRITO FEDERAL}
TJRR;9001613-46.2024.8.23.0000;2024;{7775,12491};;;{GEAP AUTOGESTAO EM SAUDE};{FUNDACAO PRIVADA}
TJRR;0821204-89.2021.8.23.0010;2025;{12485};{ESTADO DE RORAIMA};{ESTADO OU DISTRITO FEDERAL};{ESTADO DE RORAIMA};{ESTADO OU DISTRITO FEDERAL}
TJRR;9000945-75.2024.8.23.0000;2024;{12486};;;{GEAP AUTOGESTAO EM SAUDE};{FUNDACAO PRIVADA}
TJRR;9000247-69.2024.8.23.0000;2024;{12487};;;{ESTADO DE RORAIMA};{ESTADO OU DISTRITO FEDERAL}
TJRR;9002411-07.2024.8.23.0000;2024;{12487};;;{SECRETARIA DE ESTADO DA SAUDE,ESTADO DE RORAIMA,SECRETARIA DE ESTADO DA SAUDE};{ND,ESTADO OU DISTRITO FEDERAL,ORGAO PUBLICO DO PODER EXECUTIVO ESTADUAL OU DO DISTRITO FEDERAL}
TJRR;9000046-43.2025.8.23.0000;2025;{12487};;;{ESTADO DE RORAIMA,SECRETARIA DE ESTADO DA SAUDE};{ESTADO OU DISTRITO FEDERAL,ORGAO PUBLICO DO PODER EXECUTIVO ESTADUAL OU DO DISTRITO FEDERAL}
TJRR;0815038-07.2022.8.23.0010;2024;{10262,12491};{MUNICIPIO DE BOA VISTA,MUNICIPIO DE BOA VISTA - RR};{MUNICIPIO,ND};;
TJRR;0808676-18.2024.8.23.0010;2025;{12491};{GEAP AUTOGESTAO EM SAUDE};{FUNDACAO PRIVADA};;
TJRR;0809816-24.2023.8.23.0010;2024;{12491};{FEDERACAO DAS UNIMEDS DA AMAZONIA - FEDERACAO DAS SOCIEDADES COOPERATIVAS DE TRABALHO MEDICO DO ACRE  AMAPA  AMAZONAS  PARA  RONDONIA E RORAIMA};{COOPERATIVA};;
TJRR;9000481-51.2024.8.23.0000;2024;{12491};{FEDERACAO DAS UNIMEDS DA AMAZONIA - FEDERACAO DAS SOCIEDADES COOPERATIVAS DE TRABALHO MEDICO DO ACRE  AMAPA  AMAZONAS  PARA  RONDONIA E RORAIMA};{COOPERATIVA};;
TJRR;9000478-96.2024.8.23.0000;2024;{12491};;;{FEDERACAO DAS UNIMEDS DA AMAZONIA - FEDERACAO DAS SOCIEDADES COOPERATIVAS DE TRABALHO MEDICO DO ACRE  AMAPA  AMAZONAS  PARA  RONDONIA E RORAIMA};{COOPERATIVA}
TJRR;0826374-42.2021.8.23.0010;2025;{10865,12503};;;{ESTADO DE RORAIMA};{ESTADO OU DISTRITO FEDERAL}
TJRR;0812966-13.2023.8.23.0010;2024;{12491};{GEAP AUTOGESTAO EM SAUDE};{FUNDACAO PRIVADA};;
TJRR;9000360-23.2024.8.23.0000;2024;{9992,12491};{ESTADO DE RORAIMA};{ESTADO OU DISTRITO FEDERAL};;
TJRR;0800091-66.2024.8.23.0045;2024;{9196,9992,12491};{ESTADO DE RORAIMA};{ESTADO OU DISTRITO FEDERAL};;
TJRR;0808114-14.2021.8.23.0010;2024;{13089,12491};;;{ESTADO DE RORAIMA};{ESTADO OU DISTRITO FEDERAL}
TJRR;0821010-55.2022.8.23.0010;2024;{12503};;;{ESTADO DE RORAIMA};{ESTADO OU DISTRITO FEDERAL}
TJRR;0828649-27.2022.8.23.0010;2024;{12503};;;{ESTADO DE RORAIMA};{ESTADO OU DISTRITO FEDERAL}
TJRR;0831018-91.2022.8.23.0010;2024;{12503};{ESTADO DE RORAIMA};{ESTADO OU DISTRITO FEDERAL};;
TJRR;0835849-22.2021.8.23.0010;2024;{12503};;;{ESTADO DE RORAIMA};{ESTADO OU DISTRITO FEDERAL}
TJRR;9000607-04.2024.8.23.0000;2024;{12491};;;{UNIMED-RIO COOPERATIVA DE TRABALHO MEDICO DO RIO DE JANEIRO LTDA};{COOPERATIVA}
TJRR;0837243-64.2021.8.23.0010;2025;{12491};;;{ESTADO DE RORAIMA};{ESTADO OU DISTRITO FEDERAL}
TJRR;9001511-24.2024.8.23.0000;2024;{9196,12482,8843};{FEDERACAO DAS UNIMEDS DA AMAZONIA - FEDERACAO DAS SOCIEDADES COOPERATIVAS DE TRABALHO MEDICO DO ACRE  AMAPA  AMAZONAS  PARA  RONDONIA E RORAIMA};{COOPERATIVA};;
TJRR;0824804-55.2020.8.23.0010;2024;{10433,10439,12491};;;{MUNICIPIO DE BOA VISTA};{MUNICIPIO}
TJRR;0826337-78.2022.8.23.0010;2024;{9196,12496,12484};;;{ESTADO DE RORAIMA};{ESTADO OU DISTRITO FEDERAL}
TJRR;0837838-92.2023.8.23.0010;2024;{10433,12487};{ESTADO DE RORAIMA};{ESTADO OU DISTRITO FEDERAL};;
TJRR;0835778-83.2022.8.23.0010;2024;{12511};{ESTADO DE RORAIMA};{ESTADO OU DISTRITO FEDERAL};;
TJRR;0808905-12.2023.8.23.0010;2024;{9196,10433,12495};{FEDERACAO DAS UNIMEDS DA AMAZONIA - FEDERACAO DAS SOCIEDADES COOPERATIVAS DE TRABALHO MEDICO DO ACRE  AMAPA  AMAZONAS  PARA  RONDONIA E RORAIMA};{COOPERATIVA};;
TJRR;9001118-02.2024.8.23.0000;2024;{9196,10433,12495};;;{FEDERACAO DAS UNIMEDS DA AMAZONIA - FEDERACAO DAS SOCIEDADES COOPERATIVAS DE TRABALHO MEDICO DO ACRE  AMAPA  AMAZONAS  PARA  RONDONIA E RORAIMA};{COOPERATIVA}
TJRR;0806322-20.2024.8.23.0010;2024;{12491};{SOCIEDADE RORAIMENSE DE OFTALMOLOGIA};{ASSOCIACAO PRIVADA};;
TJRR;9000716-18.2024.8.23.0000;2024;{12511};{GEAP AUTOGESTAO EM SAUDE};{FUNDACAO PRIVADA};;
TJRR;0810202-20.2024.8.23.0010;2024;{12511};{GEAP AUTOGESTAO EM SAUDE,GEAP - FUNDACAO DE SEGURIDADE SOCIAL};{FUNDACAO PRIVADA,ND};;
TJRR;9000360-86.2025.8.23.0000;2025;{9196,12485,10671};;;{ESTADO DE RORAIMA};{ESTADO OU DISTRITO FEDERAL}
TJRR;0829012-77.2023.8.23.0010;2024;{12491,7775,7779};{GEAP AUTOGESTAO EM SAUDE};{FUNDACAO PRIVADA};;
TJRR;9001418-61.2024.8.23.0000;2024;{9196,12491};;;{FEDERACAO DAS UNIMEDS DA AMAZONIA - FEDERACAO DAS SOCIEDADES COOPERATIVAS DE TRABALHO MEDICO DO ACRE  AMAPA  AMAZONAS  PARA  RONDONIA E RORAIMA};{COOPERATIVA}
TJRR;9002108-90.2024.8.23.0000;2024;{12489,10433,9196,10671};;;{GEAP AUTOGESTAO EM SAUDE};{FUNDACAO PRIVADA}
TJRR;0821733-06.2024.8.23.0010;2024;{9196,12491};;;{FEDERACAO DAS UNIMEDS DA AMAZONIA - FEDERACAO DAS SOCIEDADES COOPERATIVAS DE TRABALHO MEDICO DO ACRE  AMAPA  AMAZONAS  PARA  RONDONIA E RORAIMA};{COOPERATIVA}
TJRR;0846335-95.2023.8.23.0010;2024;{12487,10671};{GEAP AUTOGESTAO EM SAUDE};{FUNDACAO PRIVADA};;
TJRR;0819940-03.2022.8.23.0010;2024;{12503};;;{ESTADO DE RORAIMA};{ESTADO OU DISTRITO FEDERAL}
TJRR;0833544-65.2021.8.23.0010;2024;{12503};;;{ESTADO DE RORAIMA};{ESTADO OU DISTRITO FEDERAL}
TJRR;0846258-86.2023.8.23.0010;2025;{12496};{ESTADO DE RORAIMA};{ESTADO OU DISTRITO FEDERAL};;
TJRR;0832269-47.2022.8.23.0010;2024;{12503};;;{ESTADO DE RORAIMA};{ESTADO OU DISTRITO FEDERAL}
TJRR;0827493-04.2022.8.23.0010;2024;{12503};;;{ESTADO DE RORAIMA};{ESTADO OU DISTRITO FEDERAL}
TJRR;0822427-77.2021.8.23.0010;2025;{12503};;;{ESTADO DE RORAIMA};{ESTADO OU DISTRITO FEDERAL}
TJRR;9002563-55.2024.8.23.0000;2024;{9196,12484};{MUNICIPIO DE BOA VISTA};{MUNICIPIO};{ESTADO DE RORAIMA,MINISTERIO PUBLICO DO ESTADO DE RORAIMA};{ESTADO OU DISTRITO FEDERAL,ORGAO PUBLICO AUTONOMO ESTADUAL OU DO DISTRITO FEDERAL}
TJRR;9000176-67.2024.8.23.0000;2024;{12503};;;{ESTADO DE RORAIMA};{ESTADO OU DISTRITO FEDERAL}
TJRR;0828408-53.2022.8.23.0010;2024;{12503};;;{ESTADO DE RORAIMA};{ESTADO OU DISTRITO FEDERAL}
TJRR;9001116-32.2024.8.23.0000;2024;{12487};;;{ESTADO DE RORAIMA};{ESTADO OU DISTRITO FEDERAL}
TJRR;9002368-70.2024.8.23.0000;2024;{12496,9196};;;{ESTADO DE RORAIMA};{ESTADO OU DISTRITO FEDERAL}
TJRR;9001529-45.2024.8.23.0000;2024;{12496,9196,11974};{BRADESCO SAUDE S/A};{SOCIEDADE ANONIMA FECHADA};;
TJRR;9000888-57.2024.8.23.0000;2024;{12494};{ESTADO DE RORAIMA};{ESTADO OU DISTRITO FEDERAL};;
TJRR;9001030-61.2024.8.23.0000;2024;{12494};{ADVOCACIA GERAL DA UNIAO};{ORGAO PUBLICO DO PODER EXECUTIVO FEDERAL};{ESTADO DE RORAIMA};{ESTADO OU DISTRITO FEDERAL}
TJRR;0835079-58.2023.8.23.0010;2024;{12484};{GEAP AUTOGESTAO EM SAUDE,GEAP - FUNDACAO DE SEGURIDADE SOCIAL};{FUNDACAO PRIVADA,ND};{GEAP AUTOGESTAO EM SAUDE,GEAP - FUNDACAO DE SEGURIDADE SOCIAL};{FUNDACAO PRIVADA,ND}
TJRR;0804718-58.2023.8.23.0010;2024;{12491,7779,7775};{GEAP AUTOGESTAO EM SAUDE};{FUNDACAO PRIVADA};;
TJRR;0802892-60.2024.8.23.0010;2024;{12489};{GEAP AUTOGESTAO EM SAUDE};{FUNDACAO PRIVADA};;
TJRR;0803517-94.2024.8.23.0010;2024;{12491};{GEAP AUTOGESTAO EM SAUDE};{FUNDACAO PRIVADA};{GEAP AUTOGESTAO EM SAUDE};{FUNDACAO PRIVADA}
TJRR;0811499-96.2023.8.23.0010;2024;{12491};{FEDERACAO DAS UNIMEDS DA AMAZONIA - FEDERACAO DAS SOCIEDADES COOPERATIVAS DE TRABALHO MEDICO DO ACRE  AMAPA  AMAZONAS  PARA  RONDONIA E RORAIMA};{COOPERATIVA};;
TJRR;9000133-33.2024.8.23.0000;2024;{12511,12491};;;{ESTADO DE RORAIMA};{ESTADO OU DISTRITO FEDERAL}
TJRR;0804884-61.2021.8.23.0010;2024;{12491,12511};;;{ESTADO DE RORAIMA};{ESTADO OU DISTRITO FEDERAL}
TJRR;9002703-89.2024.8.23.0000;2024;{9196,12484,8843};;;{ESTADO DE RORAIMA};{ESTADO OU DISTRITO FEDERAL}
TJRR;9000522-18.2024.8.23.0000;2024;{12491};{GEAP AUTOGESTAO EM SAUDE};{FUNDACAO PRIVADA};;
TJRR;0808122-54.2022.8.23.0010;2025;{12503};;;{ESTADO DE RORAIMA};{ESTADO OU DISTRITO FEDERAL}
TJRR;0815446-95.2022.8.23.0010;2024;{12503};;;{ESTADO DE RORAIMA};{ESTADO OU DISTRITO FEDERAL}
TJRR;9002178-10.2024.8.23.0000;2024;{9580,12418,12486};;;{GEAP AUTOGESTAO EM SAUDE};{FUNDACAO PRIVADA}
TJRR;9000012-68.2025.8.23.0000;2025;{9580,12489};{GEAP AUTOGESTAO EM SAUDE};{FUNDACAO PRIVADA};;
TJRR;0830537-31.2022.8.23.0010;2024;{12503};;;{ESTADO DE RORAIMA};{ESTADO OU DISTRITO FEDERAL}
TJRR;0834839-40.2021.8.23.0010;2024;{12491};;;{ESTADO DE RORAIMA};{ESTADO OU DISTRITO FEDERAL}
TJRR;0820864-14.2022.8.23.0010;2024;{12501,12503};;;{ESTADO DE RORAIMA};{ESTADO OU DISTRITO FEDERAL}
TJRR;0803447-48.2022.8.23.0010;2024;{12501};;;{ESTADO DE RORAIMA};{ESTADO OU DISTRITO FEDERAL}
TJRR;0817983-64.2022.8.23.0010;2024;{12491};;;{ESTADO DE RORAIMA};{ESTADO OU DISTRITO FEDERAL}
TJRR;9000898-04.2024.8.23.0000;2024;{9196,12487};{ESTADO DE RORAIMA};{ESTADO OU DISTRITO FEDERAL};;
TJRR;9001035-83.2024.8.23.0000;2024;{9196,12493};;;{ESTADO DE RORAIMA};{ESTADO OU DISTRITO FEDERAL}
TJRR;0823850-38.2022.8.23.0010;2024;{9992,12491};{ESTADO DE RORAIMA};{ESTADO OU DISTRITO FEDERAL};;
TJRR;9002173-85.2024.8.23.0000;2024;{9196,12487};;;{ESTADO DE RORAIMA};{ESTADO OU DISTRITO FEDERAL}
TJRR;9002455-26.2024.8.23.0000;2024;{12504,8843,9196,10422};{CLINICA RENAL DE RORAIMA LTDA,CLINICA RENAL DE RORAIMA};{SOCIEDADE EMPRESARIA LIMITADA,ND};{ESTADO DE RORAIMA};{ESTADO OU DISTRITO FEDERAL}
TJRR;sigiloso(635540270);2024;{12503};Sigiloso;Sigiloso;Sigiloso;Sigiloso
TJRR;sigiloso(714983348);2024;{12484,9196,12485};Sigiloso;Sigiloso;Sigiloso;Sigiloso
TJRR;sigiloso(720913658);2024;{12000,9196,12485};Sigiloso;Sigiloso;Sigiloso;Sigiloso
TJRR;sigiloso(673245603);2024;{9196,12000,12485};Sigiloso;Sigiloso;Sigiloso;Sigiloso
TJRR;sigiloso(707846064);2024;{12000,12484,12485};Sigiloso;Sigiloso;Sigiloso;Sigiloso
TJRR;sigiloso(707850205);2024;{9196,12484,13085};Sigiloso;Sigiloso;Sigiloso;Sigiloso
TJRR;sigiloso(727142227);2025;{12000,12484};Sigiloso;Sigiloso;Sigiloso;Sigiloso
TJRR;sigiloso(727142431);2025;{12484};Sigiloso;Sigiloso;Sigiloso;Sigiloso
TJRR;sigiloso(673245610);2024;{13306,12491,8843,9196,10671};Sigiloso;Sigiloso;Sigiloso;Sigiloso
TJRR;sigiloso(615235546);2024;{12491};Sigiloso;Sigiloso;Sigiloso;Sigiloso
TJRR;sigiloso(707850529);2024;{9196,13085,12485};Sigiloso;Sigiloso;Sigiloso;Sigiloso
TJRR;sigiloso(707848357);2024;{12491};Sigiloso;Sigiloso;Sigiloso;Sigiloso
TJRR;sigiloso(720913691);2024;{12000,12484};Sigiloso;Sigiloso;Sigiloso;Sigiloso
TJRR;sigiloso(673245643);2024;{12000,12485};Sigiloso;Sigiloso;Sigiloso;Sigiloso
TJRR;sigiloso(707849903);2024;{12000,12485};Sigiloso;Sigiloso;Sigiloso;Sigiloso
TJRR;sigiloso(707850216);2024;{9196,12484,12418};Sigiloso;Sigiloso;Sigiloso;Sigiloso
TJRR;sigiloso(727142420);2025;{12000,12485};Sigiloso;Sigiloso;Sigiloso;Sigiloso
TJRR;sigiloso(727142545);2025;{12484,12418};Sigiloso;Sigiloso;Sigiloso;Sigiloso
TJRR;sigiloso(615235200);2024;{12491};Sigiloso;Sigiloso;Sigiloso;Sigiloso
TJRR;sigiloso(707850326);2024;{12491,4939,7779,9196,7775};Sigiloso;Sigiloso;Sigiloso;Sigiloso
TJRR;sigiloso(707849276);2024;{12485};Sigiloso;Sigiloso;Sigiloso;Sigiloso
TJRR;sigiloso(637547708);2024;{12484};Sigiloso;Sigiloso;Sigiloso;Sigiloso
TJRR;sigiloso(714984352);2024;{12484};Sigiloso;Sigiloso;Sigiloso;Sigiloso
TJRR;sigiloso(720916667);2024;{12484,12000,12419};Sigiloso;Sigiloso;Sigiloso;Sigiloso
TJRR;sigiloso(707850088);2024;{9196,12491,10671};Sigiloso;Sigiloso;Sigiloso;Sigiloso
TJRR;sigiloso(615234764);2024;{12491};Sigiloso;Sigiloso;Sigiloso;Sigiloso
TJRR;9001137-08.2024.8.23.0000;2024;{9196,12491};;;{MUNICIPIO DE BOA VISTA};{MUNICIPIO}
TJRR;9002284-69.2024.8.23.0000;2024;{9196,12485,13085,12511};;;{ESTADO DE RORAIMA};{ESTADO OU DISTRITO FEDERAL}
TJRR;9001539-89.2024.8.23.0000;2024;{12516};;;;
TJRR;0807670-73.2024.8.23.0010;2024;{3426,12491};;;{MINISTERIO PUBLICO DO ESTADO DE RORAIMA};{ORGAO PUBLICO AUTONOMO ESTADUAL OU DO DISTRITO FEDERAL}
TJRR;0848940-77.2024.8.23.0010;2024;{12491,7779};;;{GEAP AUTOGESTAO EM SAUDE,GEAP - FUNDACAO DE SEGURIDADE SOCIAL};{FUNDACAO PRIVADA,ND}
TJRR;0804892-33.2024.8.23.0010;2024;{9196,12491};;;{GEAP AUTOGESTAO EM SAUDE,GEAP - FUNDACAO DE SEGURIDADE SOCIAL};{FUNDACAO PRIVADA,ND}
TJRR;0855670-07.2024.8.23.0010;2024;{12491};;;{GEAP AUTOGESTAO EM SAUDE};{FUNDACAO PRIVADA}
TJRR;0805354-87.2024.8.23.0010;2024;{12485};;;{MUNICIPIO DE BOA VISTA,MUNICIPIO DE BOA VISTA - RR};{MUNICIPIO,ND}
TJRR;sigiloso(582835634);2024;{12002,12491};Sigiloso;Sigiloso;Sigiloso;Sigiloso
TJRR;0841162-56.2024.8.23.0010;2024;{12491};;;{FEDERACAO DAS UNIMEDS DA AMAZONIA - FEDERACAO DAS SOCIEDADES COOPERATIVAS DE TRABALHO MEDICO DO ACRE  AMAPA  AMAZONAS  PARA  RONDONIA E RORAIMA};{COOPERATIVA}
TJRR;0811237-15.2024.8.23.0010;2024;{12489};;;{ESTADO DE RORAIMA};{ESTADO OU DISTRITO FEDERAL}
TJRR;0806718-94.2024.8.23.0010;2024;{12500};;;{ESTADO DE RORAIMA};{ESTADO OU DISTRITO FEDERAL}
TJRR;0825749-03.2024.8.23.0010;2024;{12489};;;{ESTADO DE RORAIMA};{ESTADO OU DISTRITO FEDERAL}
TJRR;0814590-63.2024.8.23.0010;2024;{12502};;;{ESTADO DE RORAIMA};{ESTADO OU DISTRITO FEDERAL}
TJRR;0815553-71.2024.8.23.0010;2024;{12487};;;{ESTADO DE RORAIMA};{ESTADO OU DISTRITO FEDERAL}
TJRR;0800890-20.2024.8.23.0010;2024;{12503};;;{ESTADO DE RORAIMA};{ESTADO OU DISTRITO FEDERAL}
TJRR;0801232-31.2024.8.23.0010;2024;{12503};;;{ESTADO DE RORAIMA};{ESTADO OU DISTRITO FEDERAL}
TJRR;0804143-16.2024.8.23.0010;2024;{12489};;;{ESTADO DE RORAIMA};{ESTADO OU DISTRITO FEDERAL}
TJRR;0805190-25.2024.8.23.0010;2024;{12489};;;{ESTADO DE RORAIMA};{ESTADO OU DISTRITO FEDERAL}
TJRR;0807781-57.2024.8.23.0010;2024;{12503};;;{ESTADO DE RORAIMA};{ESTADO OU DISTRITO FEDERAL}
TJRR;0805057-80.2024.8.23.0010;2024;{12487};;;{ESTADO DE RORAIMA};{ESTADO OU DISTRITO FEDERAL}
TJRR;0809087-61.2024.8.23.0010;2024;{12487};;;{MUNICIPIO DE BOA VISTA,MUNICIPIO DE BOA VISTA - RR};{MUNICIPIO,ND}
TJRR;0805917-81.2024.8.23.0010;2024;{12503};;;{ESTADO DE RORAIMA};{ESTADO OU DISTRITO FEDERAL}
TJRR;0810346-91.2024.8.23.0010;2024;{12489};;;{ESTADO DE RORAIMA};{ESTADO OU DISTRITO FEDERAL}
TJRR;0807178-81.2024.8.23.0010;2024;{12503};;;{ESTADO DE RORAIMA};{ESTADO OU DISTRITO FEDERAL}
TJRR;0813866-59.2024.8.23.0010;2024;{12503};;;{ESTADO DE RORAIMA};{ESTADO OU DISTRITO FEDERAL}
TJRR;0814583-71.2024.8.23.0010;2024;{12489};;;{ESTADO DE RORAIMA};{ESTADO OU DISTRITO FEDERAL}
TJRR;0821606-68.2024.8.23.0010;2024;{12502};;;{ESTADO DE RORAIMA};{ESTADO OU DISTRITO FEDERAL}
TJRR;0825707-51.2024.8.23.0010;2024;{12489};;;{ESTADO DE RORAIMA};{ESTADO OU DISTRITO FEDERAL}
TJRR;0825746-48.2024.8.23.0010;2024;{12489};;;{ESTADO DE RORAIMA};{ESTADO OU DISTRITO FEDERAL}
TJRR;0828030-29.2024.8.23.0010;2024;{12489};;;{ESTADO DE RORAIMA};{ESTADO OU DISTRITO FEDERAL}
TJRR;0833227-62.2024.8.23.0010;2024;{12489};;;{ESTADO DE RORAIMA};{ESTADO OU DISTRITO FEDERAL}
TJRR;0829788-43.2024.8.23.0010;2024;{12489};;;{ESTADO DE RORAIMA};{ESTADO OU DISTRITO FEDERAL}
TJRR;0831292-84.2024.8.23.0010;2024;{12489};;;{ESTADO DE RORAIMA};{ESTADO OU DISTRITO FEDERAL}
TJRR;0831076-26.2024.8.23.0010;2024;{12489};;;{ESTADO DE RORAIMA};{ESTADO OU DISTRITO FEDERAL}
TJRR;0838113-07.2024.8.23.0010;2024;{12489};;;{ESTADO DE RORAIMA};{ESTADO OU DISTRITO FEDERAL}
TJRR;0843147-60.2024.8.23.0010;2024;{12489};;;{ESTADO DE RORAIMA};{ESTADO OU DISTRITO FEDERAL}
TJRR;0844256-12.2024.8.23.0010;2024;{12490};;;{MUNICIPIO DE BOA VISTA,MUNICIPIO DE BOA VISTA - RR};{MUNICIPIO,ND}
TJRR;0843163-14.2024.8.23.0010;2024;{12489};;;{ESTADO DE RORAIMA};{ESTADO OU DISTRITO FEDERAL}
TJRR;0839351-61.2024.8.23.0010;2024;{12490};;;{MUNICIPIO DE BOA VISTA,MUNICIPIO DE BOA VISTA - RR};{MUNICIPIO,ND}
TJRR;0840058-29.2024.8.23.0010;2024;{12503};;;{ESTADO DE RORAIMA};{ESTADO OU DISTRITO FEDERAL}
TJRR;0842368-08.2024.8.23.0010;2024;{12508};;;{ESTADO DE RORAIMA};{ESTADO OU DISTRITO FEDERAL}
TJRR;0841003-16.2024.8.23.0010;2024;{12489};;;{ESTADO DE RORAIMA};{ESTADO OU DISTRITO FEDERAL}
TJRR;0841178-10.2024.8.23.0010;2024;{12508};;;{ESTADO DE RORAIMA};{ESTADO OU DISTRITO FEDERAL}
TJRR;0836800-11.2024.8.23.0010;2024;{12502};;;{ESTADO DE RORAIMA};{ESTADO OU DISTRITO FEDERAL}
TJRR;0845506-80.2024.8.23.0010;2024;{12490};;;{MUNICIPIO DE BOA VISTA,MUNICIPIO DE BOA VISTA - RR};{MUNICIPIO,ND}
TJRR;0845479-97.2024.8.23.0010;2024;{12508};;;{ESTADO DE RORAIMA};{ESTADO OU DISTRITO FEDERAL}
TJRR;0847654-64.2024.8.23.0010;2024;{12508};;;{ESTADO DE RORAIMA};{ESTADO OU DISTRITO FEDERAL}
TJRR;0847958-63.2024.8.23.0010;2024;{12508};;;{ESTADO DE RORAIMA};{ESTADO OU DISTRITO FEDERAL}
TJRR;0851556-25.2024.8.23.0010;2024;{12490};;;{MUNICIPIO DE BOA VISTA};{MUNICIPIO}
TJRR;0854109-45.2024.8.23.0010;2024;{12489};;;{ESTADO DE RORAIMA};{ESTADO OU DISTRITO FEDERAL}
TJRR;0852012-72.2024.8.23.0010;2024;{12490};;;{MUNICIPIO DE BOA VISTA};{MUNICIPIO}
TJRR;0854995-44.2024.8.23.0010;2024;{12489};;;{ESTADO DE RORAIMA};{ESTADO OU DISTRITO FEDERAL}
TJRR;0853928-44.2024.8.23.0010;2024;{12489};;;{ESTADO DE RORAIMA};{ESTADO OU DISTRITO FEDERAL}
TJRR;0853907-68.2024.8.23.0010;2024;{12489};;;{ESTADO DE RORAIMA};{ESTADO OU DISTRITO FEDERAL}
TJRR;0827508-02.2024.8.23.0010;2024;{12502};;;{ESTADO DE RORAIMA};{ESTADO OU DISTRITO FEDERAL}
TJRR;0800802-45.2025.8.23.0010;2025;{12503};;;{ESTADO DE RORAIMA};{ESTADO OU DISTRITO FEDERAL}
TJRR;0800800-75.2025.8.23.0010;2025;{12509};;;{ESTADO DE RORAIMA};{ESTADO OU DISTRITO FEDERAL}
TJRR;0801332-49.2025.8.23.0010;2025;{12500};;;{ESTADO DE RORAIMA};{ESTADO OU DISTRITO FEDERAL}
TJRR;0801958-68.2025.8.23.0010;2025;{12503};;;{ESTADO DE RORAIMA};{ESTADO OU DISTRITO FEDERAL}
TJRR;0802132-77.2025.8.23.0010;2025;{12502};;;{ESTADO DE RORAIMA};{ESTADO OU DISTRITO FEDERAL}
TJRR;0802479-13.2025.8.23.0010;2025;{12503};;;{ESTADO DE RORAIMA};{ESTADO OU DISTRITO FEDERAL}
TJRR;0802477-43.2025.8.23.0010;2025;{12503};;;{ESTADO DE RORAIMA};{ESTADO OU DISTRITO FEDERAL}
TJRR;0804823-64.2025.8.23.0010;2025;{12489};;;{ESTADO DE RORAIMA};{ESTADO OU DISTRITO FEDERAL}
TJRR;0805919-17.2025.8.23.0010;2025;{12489};;;{ESTADO DE RORAIMA};{ESTADO OU DISTRITO FEDERAL}
TJRR;0807734-49.2025.8.23.0010;2025;{12503};;;{ESTADO DE RORAIMA};{ESTADO OU DISTRITO FEDERAL}
TJRR;0825735-19.2024.8.23.0010;2024;{12489};;;{ESTADO DE RORAIMA};{ESTADO OU DISTRITO FEDERAL}
TJRR;0811249-29.2024.8.23.0010;2024;{12490};;;{ESTADO DE RORAIMA};{ESTADO OU DISTRITO FEDERAL}
TJRR;0826574-44.2024.8.23.0010;2024;{12489};;;{ESTADO DE RORAIMA};{ESTADO OU DISTRITO FEDERAL}
TJRR;0804836-63.2025.8.23.0010;2025;{12489};;;{ESTADO DE RORAIMA};{ESTADO OU DISTRITO FEDERAL}
TJRR;0801429-49.2025.8.23.0010;2025;{12516,12487};;;{ESTADO DE RORAIMA,SECRETARIA DE ESTADO DA SAUDE};{ESTADO OU DISTRITO FEDERAL,ORGAO PUBLICO DO PODER EXECUTIVO ESTADUAL OU DO DISTRITO FEDERAL}
TJRR;0827997-39.2024.8.23.0010;2024;{12487};;;{ESTADO DE RORAIMA};{ESTADO OU DISTRITO FEDERAL}
TJRR;0848836-85.2024.8.23.0010;2024;{12487};;;{MUNICIPIO DE BOA VISTA,ESTADO DE RORAIMA,MUNICIPIO DE BOA VISTA - RR};{MUNICIPIO,ESTADO OU DISTRITO FEDERAL,ND}
TJRR;0828021-67.2024.8.23.0010;2024;{12487};;;{ESTADO DE RORAIMA};{ESTADO OU DISTRITO FEDERAL}
TJRR;0822008-23.2022.8.23.0010;2024;{12487};{ESTADO DE RORAIMA};{ESTADO OU DISTRITO FEDERAL};{ESTADO DE RORAIMA};{ESTADO OU DISTRITO FEDERAL}
TJRR;0811224-16.2024.8.23.0010;2024;{12490};;;{MUNICIPIO DE BOA VISTA};{MUNICIPIO}
TJRR;0830790-48.2024.8.23.0010;2024;{12490};;;{MUNICIPIO DE BOA VISTA,MUNICIPIO DE BOA VISTA - RR};{MUNICIPIO,ND}
TJRR;0818627-36.2024.8.23.0010;2024;{12490};;;{MUNICIPIO DE BOA VISTA,MUNICIPIO DE BOA VISTA - RR};{MUNICIPIO,ND}
TJRR;0840948-65.2024.8.23.0010;2024;{12487};{ESTADO DE RORAIMA};{ESTADO OU DISTRITO FEDERAL};{ESTADO DE RORAIMA};{ESTADO OU DISTRITO FEDERAL}
TJRR;0811234-60.2024.8.23.0010;2024;{12490};;;{MUNICIPIO DE BOA VISTA,MUNICIPIO DE BOA VISTA - RR};{MUNICIPIO,ND}
TJRR;0814336-90.2024.8.23.0010;2024;{12490};;;{MUNICIPIO DE BOA VISTA,MUNICIPIO DE BOA VISTA - RR};{MUNICIPIO,ND}
TJRR;0818261-94.2024.8.23.0010;2024;{12490};;;{MUNICIPIO DE BOA VISTA};{MUNICIPIO}
TJRR;0828045-95.2024.8.23.0010;2024;{12489};;;{ESTADO DE RORAIMA};{ESTADO OU DISTRITO FEDERAL}
TJRR;0832537-33.2024.8.23.0010;2024;{12487};;;{ESTADO DE RORAIMA};{ESTADO OU DISTRITO FEDERAL}
TJRR;0818232-44.2024.8.23.0010;2024;{12490};;;{MUNICIPIO DE BOA VISTA};{MUNICIPIO}
TJRR;0809233-05.2024.8.23.0010;2024;{12490};;;{MUNICIPIO DE BOA VISTA,MUNICIPIO DE BOA VISTA - RR};{MUNICIPIO,ND}
TJRR;0816950-68.2024.8.23.0010;2024;{12494,12511};;;{ESTADO DE RORAIMA};{ESTADO OU DISTRITO FEDERAL}
TJRR;0838134-80.2024.8.23.0010;2024;{12494};{ESTADO DE RORAIMA};{ESTADO OU DISTRITO FEDERAL};{ESTADO DE RORAIMA};{ESTADO OU DISTRITO FEDERAL}
TJRR;0845981-36.2024.8.23.0010;2024;{12487};;;{ESTADO DE RORAIMA};{ESTADO OU DISTRITO FEDERAL}
TJRR;0804856-54.2025.8.23.0010;2025;{12487};;;{ESTADO DE RORAIMA};{ESTADO OU DISTRITO FEDERAL}
TJRR;0809260-85.2024.8.23.0010;2024;{12490};;;{MUNICIPIO DE BOA VISTA,MUNICIPIO DE BOA VISTA - RR};{MUNICIPIO,ND}
TJRR;0811484-93.2024.8.23.0010;2024;{12490};;;{MUNICIPIO DE BOA VISTA,MUNICIPIO DE BOA VISTA - RR};{MUNICIPIO,ND}
TJRR;0832085-23.2024.8.23.0010;2024;{12487};;;{ESTADO DE RORAIMA};{ESTADO OU DISTRITO FEDERAL}
TJRR;0801349-85.2025.8.23.0010;2025;{12490};;;{MUNICIPIO DE BOA VISTA,ESTADO DE RORAIMA};{MUNICIPIO,ESTADO OU DISTRITO FEDERAL}
TJRR;0826887-05.2024.8.23.0010;2024;{12494,12487};;;{ESTADO DE RORAIMA};{ESTADO OU DISTRITO FEDERAL}
TJRR;0831301-46.2024.8.23.0010;2024;{12490};;;{MUNICIPIO DE BOA VISTA,MUNICIPIO DE BOA VISTA - RR};{MUNICIPIO,ND}
TJRR;0804544-78.2025.8.23.0010;2025;{12490};;;{MUNICIPIO DE BOA VISTA};{MUNICIPIO}
TJRR;0843492-26.2024.8.23.0010;2024;{12502};;;{ESTADO DE RORAIMA};{ESTADO OU DISTRITO FEDERAL}
TJRR;0804535-19.2025.8.23.0010;2025;{12490};;;{MUNICIPIO DE BOA VISTA};{MUNICIPIO}
TJRR;0822584-45.2024.8.23.0010;2024;{12489};;;{ESTADO DE RORAIMA};{ESTADO OU DISTRITO FEDERAL}
TJRR;0823320-63.2024.8.23.0010;2024;{12490};;;{MUNICIPIO DE BOA VISTA,MUNICIPIO DE BOA VISTA - RR};{MUNICIPIO,ND}
TJRR;0839358-53.2024.8.23.0010;2024;{12490};;;{MUNICIPIO DE BOA VISTA,MUNICIPIO DE BOA VISTA - RR};{MUNICIPIO,ND}
TJRR;0822140-12.2024.8.23.0010;2024;{12487};;;{ESTADO DE RORAIMA};{ESTADO OU DISTRITO FEDERAL}
TJRR;0855419-86.2024.8.23.0010;2024;{12490};;;{MUNICIPIO DE BOA VISTA};{MUNICIPIO}
TJRR;0819306-36.2024.8.23.0010;2024;{12489};;;{ESTADO DE RORAIMA};{ESTADO OU DISTRITO FEDERAL}
TJRR;0815570-10.2024.8.23.0010;2024;{12487};;;{ESTADO DE RORAIMA};{ESTADO OU DISTRITO FEDERAL}
TJRR;0834509-38.2024.8.23.0010;2024;{12490};;;{MUNICIPIO DE BOA VISTA,MUNICIPIO DE BOA VISTA - RR};{MUNICIPIO,ND}
TJRR;0807884-30.2025.8.23.0010;2025;{12490};;;{MUNICIPIO DE BOA VISTA};{MUNICIPIO}
TJRR;0826361-38.2024.8.23.0010;2024;{12490};;;{MUNICIPIO DE BOA VISTA,MUNICIPIO DE BOA VISTA - RR};{MUNICIPIO,ND}
TJRR;0803689-36.2024.8.23.0010;2024;{12503};;;{ESTADO DE RORAIMA};{ESTADO OU DISTRITO FEDERAL}
TJRR;0852542-76.2024.8.23.0010;2024;{12502};;;{ESTADO DE RORAIMA,SECRETARIA DE ESTADO DA SAUDE};{ESTADO OU DISTRITO FEDERAL,ORGAO PUBLICO DO PODER EXECUTIVO ESTADUAL OU DO DISTRITO FEDERAL}
TJRR;0806493-40.2025.8.23.0010;2025;{12503};;;{ESTADO DE RORAIMA};{ESTADO OU DISTRITO FEDERAL}
TJRR;0828295-31.2024.8.23.0010;2024;{12490};;;{MUNICIPIO DE BOA VISTA,MUNICIPIO DE BOA VISTA - RR};{MUNICIPIO,ND}
TJRR;0848834-18.2024.8.23.0010;2024;{12490};;;{MUNICIPIO DE BOA VISTA,MUNICIPIO DE BOA VISTA - RR};{MUNICIPIO,ND}
TJRR;0845498-06.2024.8.23.0010;2024;{12490};;;{MUNICIPIO DE BOA VISTA,MUNICIPIO DE BOA VISTA - RR};{MUNICIPIO,ND}
TJRR;0841662-25.2024.8.23.0010;2024;{12490};;;{MUNICIPIO DE BOA VISTA,MUNICIPIO DE BOA VISTA - RR};{MUNICIPIO,ND}
TJRR;0854993-74.2024.8.23.0010;2024;{12490};;;{MUNICIPIO DE BOA VISTA};{MUNICIPIO}
TJRR;0854962-54.2024.8.23.0010;2024;{12513,12494,9995};;;{MUNICIPIO DE BOA VISTA,ESTADO DE RORAIMA};{MUNICIPIO,ESTADO OU DISTRITO FEDERAL}
TJRR;0809255-63.2024.8.23.0010;2024;{12489};;;{ESTADO DE RORAIMA};{ESTADO OU DISTRITO FEDERAL}
TJRR;0828174-03.2024.8.23.0010;2024;{12503};;;{ESTADO DE RORAIMA};{ESTADO OU DISTRITO FEDERAL}
TJRR;0809248-71.2024.8.23.0010;2024;{12489};;;{ESTADO DE RORAIMA};{ESTADO OU DISTRITO FEDERAL}
TJRR;0804441-71.2025.8.23.0010;2025;{12498};;;{ESTADO DE RORAIMA};{ESTADO OU DISTRITO FEDERAL}
TJRR;0822566-24.2024.8.23.0010;2024;{12490};;;{MUNICIPIO DE BOA VISTA,MUNICIPIO DE BOA VISTA - RR};{MUNICIPIO,ND}
TJRR;0825725-72.2024.8.23.0010;2024;{12487};;;{ESTADO DE RORAIMA};{ESTADO OU DISTRITO FEDERAL}
TJRR;0804900-10.2024.8.23.0010;2024;{12516};;;{ESTADO DE RORAIMA};{ESTADO OU DISTRITO FEDERAL}
TJRR;0818926-81.2022.8.23.0010;2024;{12503};;;{ESTADO DE RORAIMA};{ESTADO OU DISTRITO FEDERAL}
TJRR;0832118-13.2024.8.23.0010;2024;{12487};{ESTADO DE RORAIMA};{ESTADO OU DISTRITO FEDERAL};{ESTADO DE RORAIMA};{ESTADO OU DISTRITO FEDERAL}
TJRR;0835245-56.2024.8.23.0010;2024;{12487};;;{ESTADO DE RORAIMA};{ESTADO OU DISTRITO FEDERAL}
TJRR;0802929-87.2024.8.23.0010;2024;{12500};;;{ESTADO DE RORAIMA};{ESTADO OU DISTRITO FEDERAL}
TJRR;0806590-74.2024.8.23.0010;2024;{12511};;;{MUNICIPIO DE BOA VISTA,ESTADO DE RORAIMA,MUNICIPIO DE BOA VISTA - RR};{MUNICIPIO,ESTADO OU DISTRITO FEDERAL,ND}
TJRR;0846262-89.2024.8.23.0010;2024;{12500};;;{ESTADO DE RORAIMA};{ESTADO OU DISTRITO FEDERAL}
TJRR;0802040-02.2025.8.23.0010;2025;{10433,12503};;;{ESTADO DE RORAIMA};{ESTADO OU DISTRITO FEDERAL}
TJRR;0801014-66.2025.8.23.0010;2025;{12494};;;{ESTADO DE RORAIMA};{ESTADO OU DISTRITO FEDERAL}
TJRR;0838643-11.2024.8.23.0010;2024;{12503,9995};;;{ESTADO DE RORAIMA};{ESTADO OU DISTRITO FEDERAL}
TJRR;0819344-48.2024.8.23.0010;2024;{12487};;;{ESTADO DE RORAIMA};{ESTADO OU DISTRITO FEDERAL}
TJRR;0804162-22.2024.8.23.0010;2024;{12487};;;{ESTADO DE RORAIMA};{ESTADO OU DISTRITO FEDERAL}
TJRR;0851109-37.2024.8.23.0010;2024;{12487};;;{ESTADO DE RORAIMA};{ESTADO OU DISTRITO FEDERAL}
TJRR;0844592-16.2024.8.23.0010;2024;{12496};;;{ESTADO DE RORAIMA};{ESTADO OU DISTRITO FEDERAL}
TJRR;0818244-58.2024.8.23.0010;2024;{12494};;;{ESTADO DE RORAIMA};{ESTADO OU DISTRITO FEDERAL}
TJRR;0853365-50.2024.8.23.0010;2024;{12487};;;{ESTADO DE RORAIMA};{ESTADO OU DISTRITO FEDERAL}
TJRR;0855006-73.2024.8.23.0010;2024;{12496};;;{ESTADO DE RORAIMA};{ESTADO OU DISTRITO FEDERAL}
TJRR;0853993-39.2024.8.23.0010;2024;{12496};;;{ESTADO DE RORAIMA};{ESTADO OU DISTRITO FEDERAL}
TJRR;0837826-44.2024.8.23.0010;2024;{9995,10671,12495};;;{ESTADO DE RORAIMA};{ESTADO OU DISTRITO FEDERAL}
TJRR;0832995-50.2024.8.23.0010;2024;{12487};;;{ESTADO DE RORAIMA};{ESTADO OU DISTRITO FEDERAL}
TJRR;0829936-54.2024.8.23.0010;2024;{12496};;;{ESTADO DE RORAIMA};{ESTADO OU DISTRITO FEDERAL}
TJRR;0836823-54.2024.8.23.0010;2024;{12487};;;{ESTADO DE RORAIMA};{ESTADO OU DISTRITO FEDERAL}
TJRR;0803439-03.2024.8.23.0010;2024;{12494};;;{ESTADO DE RORAIMA};{ESTADO OU DISTRITO FEDERAL}
TJRR;0806718-94.2024.8.23.0010;2024;{12500};;;{ESTADO DE RORAIMA};{ESTADO OU DISTRITO FEDERAL}
TJRR;0824891-11.2020.8.23.0010;2024;{12485,10671};{ESTADO DE RORAIMA};{ESTADO OU DISTRITO FEDERAL};;
TJRR;0815492-84.2022.8.23.0010;2024;{12503};;;{ESTADO DE RORAIMA};{ESTADO OU DISTRITO FEDERAL}
TJRR;0806503-21.2024.8.23.0010;2024;{12511};{MINISTERIO PUBLICO DO ESTADO DE RORAIMA,MINISTERIO PUBLICO DE RORAIMA};{ORGAO PUBLICO AUTONOMO ESTADUAL OU DO DISTRITO FEDERAL,ND};{ESTADO DE RORAIMA};{ESTADO OU DISTRITO FEDERAL}
TJRR;0827928-41.2023.8.23.0010;2024;{12508};;;{ESTADO DE RORAIMA};{ESTADO OU DISTRITO FEDERAL}
TJRR;0825297-61.2022.8.23.0010;2024;{12487};;;{ESTADO DE RORAIMA};{ESTADO OU DISTRITO FEDERAL}
TJRR;0806504-06.2024.8.23.0010;2024;{12511};{MINISTERIO PUBLICO DO ESTADO DE RORAIMA};{ORGAO PUBLICO AUTONOMO ESTADUAL OU DO DISTRITO FEDERAL};{ESTADO DE RORAIMA};{ESTADO OU DISTRITO FEDERAL}
TJRR;0830133-43.2023.8.23.0010;2024;{12489};;;{ESTADO DE RORAIMA};{ESTADO OU DISTRITO FEDERAL}
TJRR;0843024-96.2023.8.23.0010;2024;{12487};;;{MUNICIPIO DE BOA VISTA,MUNICIPIO DE BOA VISTA - RR};{MUNICIPIO,ND}
TJRR;0807781-57.2024.8.23.0010;2024;{12503};;;{ESTADO DE RORAIMA};{ESTADO OU DISTRITO FEDERAL}
TJRR;0805057-80.2024.8.23.0010;2024;{12487};;;{ESTADO DE RORAIMA};{ESTADO OU DISTRITO FEDERAL}
TJRR;0809087-61.2024.8.23.0010;2024;{12487};;;{MUNICIPIO DE BOA VISTA,MUNICIPIO DE BOA VISTA - RR};{MUNICIPIO,ND}
TJRR;0805917-81.2024.8.23.0010;2024;{12503};;;{ESTADO DE RORAIMA};{ESTADO OU DISTRITO FEDERAL}
TJRR;0821606-68.2024.8.23.0010;2024;{12502};;;{ESTADO DE RORAIMA};{ESTADO OU DISTRITO FEDERAL}
TJRR;0820547-45.2024.8.23.0010;2024;{12489};;;{ESTADO DE RORAIMA};{ESTADO OU DISTRITO FEDERAL}
TJRR;0825707-51.2024.8.23.0010;2025;{12489};;;{ESTADO DE RORAIMA};{ESTADO OU DISTRITO FEDERAL}
TJRR;0829788-43.2024.8.23.0010;2024;{12489};;;{ESTADO DE RORAIMA};{ESTADO OU DISTRITO FEDERAL}
TJRR;0836574-11.2021.8.23.0010;2024;{12494};;;{ESTADO DE RORAIMA};{ESTADO OU DISTRITO FEDERAL}
TJRR;0805354-87.2024.8.23.0010;2024;{12485};;;{MUNICIPIO DE BOA VISTA,MUNICIPIO DE BOA VISTA - RR};{MUNICIPIO,ND}
TJRR;0822008-23.2022.8.23.0010;2025;{12487};{ESTADO DE RORAIMA};{ESTADO OU DISTRITO FEDERAL};{ESTADO DE RORAIMA};{ESTADO OU DISTRITO FEDERAL}
TJRR;0826431-89.2023.8.23.0010;2024;{12487};;;{ESTADO DE RORAIMA};{ESTADO OU DISTRITO FEDERAL}
TJRR;0818627-36.2024.8.23.0010;2024;{12490};;;{MUNICIPIO DE BOA VISTA,MUNICIPIO DE BOA VISTA - RR};{MUNICIPIO,ND}
TJRR;0837177-16.2023.8.23.0010;2024;{12499};;;{MUNICIPIO DE BOA VISTA,MUNICIPIO DE BOA VISTA - RR};{MUNICIPIO,ND}
TJRR;0838476-62.2022.8.23.0010;2024;{12511};;;{MUNICIPIO DE BOA VISTA,MUNICIPIO DE BOA VISTA - RR};{MUNICIPIO,ND}
TJRR;0840948-65.2024.8.23.0010;2025;{12487};{ESTADO DE RORAIMA};{ESTADO OU DISTRITO FEDERAL};{ESTADO DE RORAIMA};{ESTADO OU DISTRITO FEDERAL}
TJRR;0822876-64.2023.8.23.0010;2024;{12487};;;{MUNICIPIO DE BOA VISTA,MUNICIPIO DE BOA VISTA - RR};{MUNICIPIO,ND}
TJRR;0820341-65.2023.8.23.0010;2024;{12490};;;{ESTADO DE RORAIMA};{ESTADO OU DISTRITO FEDERAL}
TJRR;0813774-52.2022.8.23.0010;2024;{12487};{ESTADO DE RORAIMA};{ESTADO OU DISTRITO FEDERAL};;
TJRR;0805737-36.2022.8.23.0010;2024;{12496};;;{ESTADO DE RORAIMA};{ESTADO OU DISTRITO FEDERAL}
TJRR;0811234-60.2024.8.23.0010;2024;{12490};;;{MUNICIPIO DE BOA VISTA,MUNICIPIO DE BOA VISTA - RR};{MUNICIPIO,ND}
TJRR;0814336-90.2024.8.23.0010;2024;{12490};;;{MUNICIPIO DE BOA VISTA,MUNICIPIO DE BOA VISTA - RR};{MUNICIPIO,ND}
TJRR;0809233-05.2024.8.23.0010;2025;{12490};;;{MUNICIPIO DE BOA VISTA,MUNICIPIO DE BOA VISTA - RR};{MUNICIPIO,ND}
TJRR;0816950-68.2024.8.23.0010;2024;{12494,12511};;;{ESTADO DE RORAIMA};{ESTADO OU DISTRITO FEDERAL}
TJRR;0838134-80.2024.8.23.0010;2025;{12494};{ESTADO DE RORAIMA};{ESTADO OU DISTRITO FEDERAL};{ESTADO DE RORAIMA};{ESTADO OU DISTRITO FEDERAL}
TJRR;0846725-65.2023.8.23.0010;2024;{12487};;;{MUNICIPIO DE BOA VISTA,MUNICIPIO DE BOA VISTA - RR};{MUNICIPIO,ND}
TJRR;0835889-33.2023.8.23.0010;2024;{12487};;;{MUNICIPIO DE BOA VISTA,MUNICIPIO DE BOA VISTA - RR};{MUNICIPIO,ND}
TJRR;0809260-85.2024.8.23.0010;2024;{12490};;;{MUNICIPIO DE BOA VISTA,MUNICIPIO DE BOA VISTA - RR};{MUNICIPIO,ND}
TJRR;0845275-87.2023.8.23.0010;2024;{12487};;;{MUNICIPIO DE BOA VISTA,MUNICIPIO DE BOA VISTA - RR};{MUNICIPIO,ND}
TJRR;0829912-60.2023.8.23.0010;2024;{12489};;;{ESTADO DE RORAIMA};{ESTADO OU DISTRITO FEDERAL}
TJRR;0814621-88.2021.8.23.0010;2024;{12485};;;{ESTADO DE RORAIMA};{ESTADO OU DISTRITO FEDERAL}
TJRR;0807627-73.2023.8.23.0010;2024;{12484};{ESTADO DE RORAIMA};{ESTADO OU DISTRITO FEDERAL};{ESTADO DE RORAIMA};{ESTADO OU DISTRITO FEDERAL}
TJRR;0830050-61.2022.8.23.0010;2024;{12491};{ESTADO DE RORAIMA};{ESTADO OU DISTRITO FEDERAL};{ESTADO DE RORAIMA};{ESTADO OU DISTRITO FEDERAL}
TJRR;0829331-45.2023.8.23.0010;2024;{12503};;;{ESTADO DE RORAIMA};{ESTADO OU DISTRITO FEDERAL}
TJRR;0845285-34.2023.8.23.0010;2024;{12487};;;{MUNICIPIO DE BOA VISTA,MUNICIPIO DE BOA VISTA - RR};{MUNICIPIO,ND}
TJRR;0804952-40.2023.8.23.0010;2024;{12511};;;{ESTADO DE RORAIMA};{ESTADO OU DISTRITO FEDERAL}
TJRR;0807016-57.2022.8.23.0010;2024;{12503};;;{ESTADO DE RORAIMA};{ESTADO OU DISTRITO FEDERAL}
TJRR;0817184-89.2020.8.23.0010;2024;{10671,12491};;;{ESTADO DE RORAIMA};{ESTADO OU DISTRITO FEDERAL}
TJRR;0800873-18.2023.8.23.0010;2024;{12491};;;{ESTADO DE RORAIMA};{ESTADO OU DISTRITO FEDERAL}
TJRR;0820465-48.2023.8.23.0010;2024;{12489};;;{ESTADO DE RORAIMA};{ESTADO OU DISTRITO FEDERAL}
TJRR;0838726-95.2022.8.23.0010;2024;{12511};;;{ESTADO DE RORAIMA};{ESTADO OU DISTRITO FEDERAL}
TJRR;0838737-90.2023.8.23.0010;2024;{12489};;;{ESTADO DE RORAIMA};{ESTADO OU DISTRITO FEDERAL}
TJRR;0829833-52.2021.8.23.0010;2024;{12491};;;{ESTADO DE RORAIMA};{ESTADO OU DISTRITO FEDERAL}
TJRR;0813923-14.2023.8.23.0010;2024;{12498};;;{ESTADO DE RORAIMA};{ESTADO OU DISTRITO FEDERAL}
TJRR;0809255-63.2024.8.23.0010;2024;{12489};;;{ESTADO DE RORAIMA};{ESTADO OU DISTRITO FEDERAL}
TJRR;0806736-52.2023.8.23.0010;2024;{12511};;;{ESTADO DE RORAIMA};{ESTADO OU DISTRITO FEDERAL}
TJRR;0809248-71.2024.8.23.0010;2024;{12489};;;{ESTADO DE RORAIMA};{ESTADO OU DISTRITO FEDERAL}
TJRR;0832894-18.2021.8.23.0010;2024;{12503};{ESTADO DE RORAIMA};{ESTADO OU DISTRITO FEDERAL};;
TJRR;0828235-63.2021.8.23.0010;2024;{12503};{ESTADO DE RORAIMA};{ESTADO OU DISTRITO FEDERAL};;
TJRR;0829159-06.2023.8.23.0010;2025;{12503};;;{ESTADO DE RORAIMA};{ESTADO OU DISTRITO FEDERAL}
TJRR;0804272-89.2022.8.23.0010;2024;{12503};{ESTADO DE RORAIMA};{ESTADO OU DISTRITO FEDERAL};;
TJRR;0821974-48.2022.8.23.0010;2024;{12503};;;{ESTADO DE RORAIMA};{ESTADO OU DISTRITO FEDERAL}
TJRR;0813903-62.2019.8.23.0010;2024;{10433,12491,9995};;;{ESTADO DE RORAIMA};{ESTADO OU DISTRITO FEDERAL}
TJRR;0833544-65.2021.8.23.0010;2025;{12503};;;{ESTADO DE RORAIMA};{ESTADO OU DISTRITO FEDERAL}
TJRR;0803502-96.2022.8.23.0010;2024;{12503};;;{ESTADO DE RORAIMA};{ESTADO OU DISTRITO FEDERAL}
TJRR;0843925-64.2023.8.23.0010;2024;{12487};{ESTADO DE RORAIMA};{ESTADO OU DISTRITO FEDERAL};{ESTADO DE RORAIMA};{ESTADO OU DISTRITO FEDERAL}
TJRR;0823008-58.2022.8.23.0010;2025;{12503};;;{ESTADO DE RORAIMA};{ESTADO OU DISTRITO FEDERAL}
TJRR;0845307-92.2023.8.23.0010;2024;{12487};;;{ESTADO DE RORAIMA};{ESTADO OU DISTRITO FEDERAL}
TJRR;0801434-28.2023.8.23.0047;2024;{12484};;;{ESTADO DE RORAIMA,MUNICIPIO DE RORAINOPOLIS,MUNICIPIO DE RORAINOPOLIS - RR};{ESTADO OU DISTRITO FEDERAL,MUNICIPIO,ND}
TJRR;0820176-23.2020.8.23.0010;2024;{12491};;;{ESTADO DE RORAIMA};{ESTADO OU DISTRITO FEDERAL}
TJRR;0814398-38.2021.8.23.0010;2024;{12485,10502};{KORAL PRODUTOS MEDICOS CORRELATOS E DESCARTAVEIS LTDA,KORAL PRODUTOS MEDICOS CORRELATOS E DESCARTAVEIS LTDA - EPP};{SOCIEDADE EMPRESARIA LIMITADA,ND};{ESTADO DE RORAIMA};{ESTADO OU DISTRITO FEDERAL}
TJRR;0830905-74.2021.8.23.0010;2024;{12503};{ESTADO DE RORAIMA};{ESTADO OU DISTRITO FEDERAL};;
TJRR;0817652-87.2019.8.23.0010;2024;{10433,12485,12491};;;{ESTADO DE RORAIMA};{ESTADO OU DISTRITO FEDERAL}
TJRR;0832118-13.2024.8.23.0010;2024;{12487};{ESTADO DE RORAIMA};{ESTADO OU DISTRITO FEDERAL};{ESTADO DE RORAIMA};{ESTADO OU DISTRITO FEDERAL}
TJRR;0830175-63.2021.8.23.0010;2024;{12503};{ESTADO DE RORAIMA};{ESTADO OU DISTRITO FEDERAL};{ESTADO DE RORAIMA};{ESTADO OU DISTRITO FEDERAL}
TJRR;0834401-43.2023.8.23.0010;2024;{12487};;;{ESTADO DE RORAIMA};{ESTADO OU DISTRITO FEDERAL}
TJRR;0823775-33.2021.8.23.0010;2024;{12503};{ESTADO DE RORAIMA};{ESTADO OU DISTRITO FEDERAL};;
TJRR;0803326-20.2022.8.23.0010;2024;{12501};;;{ESTADO DE RORAIMA};{ESTADO OU DISTRITO FEDERAL}
TJRR;0814847-64.2019.8.23.0010;2024;{12491,10671};;;{ESTADO DE RORAIMA};{ESTADO OU DISTRITO FEDERAL}
TJRR;0805971-23.2019.8.23.0010;2024;{12491,10671};;;{ESTADO DE RORAIMA};{ESTADO OU DISTRITO FEDERAL}
TJRR;0822725-69.2021.8.23.0010;2024;{12503};;;{ESTADO DE RORAIMA};{ESTADO OU DISTRITO FEDERAL}
TJRR;0815735-62.2021.8.23.0010;2024;{12491};;;{ESTADO DE RORAIMA};{ESTADO OU DISTRITO FEDERAL}
TJRR;0808126-23.2024.8.23.0010;2024;{12502};;;{ESTADO DE RORAIMA};{ESTADO OU DISTRITO FEDERAL}
TJRR;0826509-20.2022.8.23.0010;2024;{12503};;;{ESTADO DE RORAIMA};{ESTADO OU DISTRITO FEDERAL}
TJRR;0827493-04.2022.8.23.0010;2024;{12503};;;{ESTADO DE RORAIMA};{ESTADO OU DISTRITO FEDERAL}
TJRR;0810666-15.2022.8.23.0010;2024;{12503};{ESTADO DE RORAIMA};{ESTADO OU DISTRITO FEDERAL};{ESTADO DE RORAIMA};{ESTADO OU DISTRITO FEDERAL}
TJRR;0826669-45.2022.8.23.0010;2024;{12503};;;{ESTADO DE RORAIMA};{ESTADO OU DISTRITO FEDERAL}
TJRR;0826982-06.2022.8.23.0010;2024;{12503};;;{ESTADO DE RORAIMA};{ESTADO OU DISTRITO FEDERAL}
TJRR;0830537-31.2022.8.23.0010;2024;{12503};;;{ESTADO DE RORAIMA};{ESTADO OU DISTRITO FEDERAL}
TJRR;0828649-27.2022.8.23.0010;2025;{12503};;;{ESTADO DE RORAIMA};{ESTADO OU DISTRITO FEDERAL}
TJRR;0830504-41.2022.8.23.0010;2024;{12503};;;{ESTADO DE RORAIMA};{ESTADO OU DISTRITO FEDERAL}
TJRR;0832811-65.2022.8.23.0010;2024;{12503};;;{ESTADO DE RORAIMA};{ESTADO OU DISTRITO FEDERAL}
TJRR;0837703-46.2024.8.23.0010;2024;{12487};;;{ESTADO DE RORAIMA};{ESTADO OU DISTRITO FEDERAL}
TJRR;0813819-90.2021.8.23.0010;2024;{12491};;;{ESTADO DE RORAIMA};{ESTADO OU DISTRITO FEDERAL}
TJRR;0836086-85.2023.8.23.0010;2024;{12503};;;{ESTADO DE RORAIMA};{ESTADO OU DISTRITO FEDERAL}
TJRR;0815040-40.2023.8.23.0010;2024;{12502};;;{ESTADO DE RORAIMA};{ESTADO OU DISTRITO FEDERAL}
TJRR;0833959-14.2022.8.23.0010;2024;{12503};;;{ESTADO DE RORAIMA};{ESTADO OU DISTRITO FEDERAL}
TJRR;0827622-09.2022.8.23.0010;2024;{12503};{ESTADO DE RORAIMA};{ESTADO OU DISTRITO FEDERAL};{ESTADO DE RORAIMA};{ESTADO OU DISTRITO FEDERAL}
TJRR;0820864-14.2022.8.23.0010;2024;{12501,12503};;;{ESTADO DE RORAIMA};{ESTADO OU DISTRITO FEDERAL}
TJRR;0822517-51.2022.8.23.0010;2024;{12503};;;{ESTADO DE RORAIMA};{ESTADO OU DISTRITO FEDERAL}
TJRR;0820884-05.2022.8.23.0010;2024;{12501,12503};;;{ESTADO DE RORAIMA};{ESTADO OU DISTRITO FEDERAL}
TJRR;0835773-95.2021.8.23.0010;2024;{12501,12503};{ESTADO DE RORAIMA};{ESTADO OU DISTRITO FEDERAL};{ESTADO DE RORAIMA};{ESTADO OU DISTRITO FEDERAL}
TJRR;0803660-54.2022.8.23.0010;2024;{12501,12503};;;{ESTADO DE RORAIMA};{ESTADO OU DISTRITO FEDERAL}
TJRR;0801052-57.2021.8.23.0030;2024;{12503};;;{ESTADO DE RORAIMA};{ESTADO OU DISTRITO FEDERAL}
TJRR;0809865-02.2022.8.23.0010;2024;{12501,12503};;;{ESTADO DE RORAIMA};{ESTADO OU DISTRITO FEDERAL}
TJRR;0833944-45.2022.8.23.0010;2025;{12503};;;{ESTADO DE RORAIMA};{ESTADO OU DISTRITO FEDERAL}
TJRR;0822349-15.2023.8.23.0010;2024;{10502,12487};;;{ESTADO DE RORAIMA};{ESTADO OU DISTRITO FEDERAL}
TJRR;0810456-61.2022.8.23.0010;2024;{12503};;;{ESTADO DE RORAIMA};{ESTADO OU DISTRITO FEDERAL}
TJRR;0819340-45.2023.8.23.0010;2024;{12487};;;{ESTADO DE RORAIMA};{ESTADO OU DISTRITO FEDERAL}
TJRR;0813493-96.2022.8.23.0010;2024;{12503};{ESTADO DE RORAIMA};{ESTADO OU DISTRITO FEDERAL};;
TJRR;0801041-12.2023.8.23.0045;2024;{12501};;;{ESTADO DE RORAIMA};{ESTADO OU DISTRITO FEDERAL}
TJRR;0829344-44.2023.8.23.0010;2024;{12496};{ESTADO DE RORAIMA};{ESTADO OU DISTRITO FEDERAL};{ESTADO DE RORAIMA};{ESTADO OU DISTRITO FEDERAL}
TJRR;0820865-96.2022.8.23.0010;2024;{12501,12503};;;{ESTADO DE RORAIMA};{ESTADO OU DISTRITO FEDERAL}
TJRR;0819696-40.2023.8.23.0010;2024;{12487};{ESTADO DE RORAIMA};{ESTADO OU DISTRITO FEDERAL};;
TJRR;0818244-58.2024.8.23.0010;2024;{12494};;;{ESTADO DE RORAIMA};{ESTADO OU DISTRITO FEDERAL}
TJRR;0805976-74.2021.8.23.0010;2024;{12491};;;{ESTADO DE RORAIMA};{ESTADO OU DISTRITO FEDERAL}
TJRR;0820116-89.2016.8.23.0010;2024;{10434,12491};;;{ESTADO DE RORAIMA};{ESTADO OU DISTRITO FEDERAL}
TJRR;0832995-50.2024.8.23.0010;2024;{12487};;;{ESTADO DE RORAIMA};{ESTADO OU DISTRITO FEDERAL}
TJRR;0826337-78.2022.8.23.0010;2024;{12496,12484};;;{ESTADO DE RORAIMA};{ESTADO OU DISTRITO FEDERAL}
TJRR;0807522-04.2020.8.23.0010;2024;{12511,10671};{MINISTERIO PUBLICO DO ESTADO DE RORAIMA};{ORGAO PUBLICO AUTONOMO ESTADUAL OU DO DISTRITO FEDERAL};{MUNICIPIO DE BOA VISTA,MUNICIPIO DE BOA VISTA - RR};{MUNICIPIO,ND}
TJRR;0843907-43.2023.8.23.0010;2024;{12487};;;{ESTADO DE RORAIMA};{ESTADO OU DISTRITO FEDERAL}
TJRR;0827293-26.2024.8.23.0010;2024;{12487};;;{ESTADO DE RORAIMA};{ESTADO OU DISTRITO FEDERAL}
TJRR;0829936-54.2024.8.23.0010;2024;{12496};;;{ESTADO DE RORAIMA};{ESTADO OU DISTRITO FEDERAL}
TJRR;0809755-66.2023.8.23.0010;2024;{12487};{ESTADO DE RORAIMA};{ESTADO OU DISTRITO FEDERAL};;
TJRR;0835778-83.2022.8.23.0010;2024;{12511};;;{ESTADO DE RORAIMA};{ESTADO OU DISTRITO FEDERAL}
